,NAME,LAYER,ELEVATION,suolo_id,sup3d_id,un_vol_id,edi_min_id,edifc_id,un_vol_av,un_vol_qe,un_vol_por,un_vol_dp0,un_vol_cl,un_vol_dcl,edifc_ty,edifc_uso,edifc_mon,edifc_stat,edifc_sot,edi_min_ty,edi_min_pr,edi_min_st,mn_ind_qe,mn_ind_ty,mn_ind_dty,mn_ind_cl,mn_ind_dcl,cs_edi_id,edi_min_d0,edi_min_d1,edi_min_d2,edi_min_cl,edi_min_d3,mn_mau_qe,mn_mau_ty,mn_mau_dty,mn_mau_cl,mn_mau_dcl,tral_qso,tral_qc_mn,tral_qc_mx,tral_ty,tral_dty,tral_imp,tral_dimp,tral_cl,tral_dcl,PERIMETER,ENCLOSED_A,coords
2,,Unknown Area Type,38.8,RT0201010300339246,,RT0201010300599916,,RT0201020300145636,32.08,38.8,1.0,Al Suolo,20101.0,unita' volumetrica,8.0,8.0,2.0,3.0,1.0,,,,,,,,,,,,,,,,,,,,,,,,,,,,,,,"[(1626044.43, 4755664.46), (1626033.17, 4755662.42), (1626031.36, 4755672.4), (1626042.67, 4755674.45), (1626044.43, 4755664.46)]"
6,,Unknown Area Type,33.34,RT0201010300339241,,RT0201010300599918,,RT0201020300145636,26.62,33.34,1.0,Al Suolo,20101.0,unita' volumetrica,8.0,8.0,2.0,3.0,1.0,,,,,,,,,,,,,,,,,,,,,,,,,,,,,,,"[(1626042.67, 4755674.45), (1626054.06, 4755676.51), (1626055.87, 4755666.53), (1626044.43, 4755664.46), (1626042.67, 4755674.45)]"
26,,Unknown Area Type,49.37,RT0201010300338994,,RT0201010300600031,,RT0201020300143811,10.83,49.37,1.0,Al Suolo,20101.0,unita' volumetrica,1.0,-900091.0,2.0,2.0,1.0,,,,,,,,,,,,,,,,,,,,,,,,,,,,,,,"[(1625832.76, 4755887.78), (1625822.85, 4755889.39), (1625823.18, 4755891.43), (1625807.98, 4755893.9), (1625809.17, 4755901.26), (1625807.91, 4755901.46), (1625808.8, 4755907.0), (1625837.01, 4755902.42), (1625836.22, 4755897.53), (1625834.39, 4755897.83), (1625832.76, 4755887.78)]"
30,,Unknown Area Type,38.38,RT0201010300340978,,RT0201010300598886,RT0201060300072377,,27.9,38.38,1.0,Al Suolo,20101.0,unita' volumetrica,,,,,,12.0,1.0,1.0,,,,,,,,,,,,,,,,,,,,,,,,,,,,"[(1625440.2, 4754691.15), (1625437.62, 4754691.5), (1625426.77, 4754692.96), (1625428.18, 4754703.48), (1625432.2, 4754702.94), (1625437.08, 4754739.3), (1625443.43, 4754738.45), (1625439.62, 4754710.07), (1625441.85, 4754709.77), (1625453.17, 4754708.25), (1625452.76, 4754705.19), (1625452.36, 4754702.19), (1625448.89, 4754702.66), (1625441.87, 4754703.6), (1625440.2, 4754691.15)]"
32,,Unknown Area Type,32.66,RT0201010300341387,,RT0201010300598786,,RT0201020300144841,20.13,32.66,1.0,Al Suolo,20101.0,unita' volumetrica,8.0,8.0,2.0,3.0,1.0,,,,,,,,,,,,,,,,,,,,,,,,,,,,,,,"[(1625461.65, 4754556.58), (1625451.58, 4754558.01), (1625453.05, 4754568.33), (1625453.58, 4754572.0), (1625463.64, 4754570.56), (1625462.92, 4754565.51), (1625461.65, 4754556.58)]"
77,,Unknown Area Type,30.46,RT0201010300339518,,RT0201010300599742,,RT0201020300143910,25.07,30.46,1.0,Al Suolo,20101.0,unita' volumetrica,8.0,8.0,2.0,3.0,1.0,,,,,,,,,,,,,,,,,,,,,,,,,,,,,,,"[(1626048.32, 4755471.14), (1626062.99, 4755481.42), (1626070.35, 4755471.16), (1626055.79, 4755460.72), (1626048.32, 4755471.14)]"
79,,Unknown Area Type,70.76,RT0201010300339480,,RT0201010300599773,,RT0201020300145595,66.23,70.76,1.0,Al Suolo,20101.0,unita' volumetrica,8.0,8.0,2.0,3.0,1.0,,,,,,,,,,,,,,,,,,,,,,,,,,,,,,,"[(1625997.08, 4755509.54), (1626002.37, 4755502.47), (1626006.23, 4755505.36), (1626018.12, 4755489.48), (1626008.27, 4755482.26), (1625991.05, 4755504.58), (1625997.08, 4755509.54)]"
85,,Unknown Area Type,47.83,RT0201010300341909,,RT0201010300596566,,RT0201020300144744,32.84,47.83,1.0,Al Suolo,20101.0,unita' volumetrica,8.0,8.0,2.0,3.0,1.0,,,,,,,,,,,,,,,,,,,,,,,,,,,,,,,"[(1625332.18, 4754317.3), (1625357.88, 4754307.37), (1625347.94, 4754281.42), (1625357.95, 4754277.59), (1625339.57, 4754229.62), (1625328.35, 4754233.92), (1625319.48, 4754210.78), (1625300.37, 4754218.18), (1625291.8, 4754221.46), (1625295.3, 4754230.59), (1625289.67, 4754232.75), (1625291.86, 4754238.46), (1625295.5, 4754247.96), (1625297.54, 4754253.29), (1625306.37, 4754249.91), (1625327.87, 4754306.03), (1625332.18, 4754317.3)]"
115,,Unknown Area Type,30.93,RT0201010300340804,,RT0201010300598955,RT0201060300072505,,16.51,30.93,1.0,Al Suolo,20101.0,unita' volumetrica,,,,,,12.0,1.0,1.0,,,,,,,,,,,,,,,,,,,,,,,,,,,,"[(1625309.23, 4754826.45), (1625313.82, 4754835.82), (1625324.25, 4754831.15), (1625319.9, 4754821.44), (1625309.23, 4754826.45)]"
127,,Unknown Area Type,37.21,RT0201010300342396,,RT0201010300598328,RT0201060300071045,,23.01,37.21,1.0,Al Suolo,20101.0,unita' volumetrica,,,,,,12.0,1.0,1.0,,,,,,,,,,,,,,,,,,,,,,,,,,,,"[(1625150.76, 4754068.51), (1625163.82, 4754063.76), (1625170.6, 4754060.88), (1625168.14, 4754055.07), (1625160.8, 4754058.19), (1625156.52, 4754048.12), (1625144.3, 4754053.32), (1625150.76, 4754068.51)]"
135,,Unknown Area Type,30.46,RT0201010300340713,,RT0201010300598994,RT0201060300071785,,17.92,30.46,1.0,Al Suolo,20101.0,unita' volumetrica,,,,,,12.0,1.0,1.0,,,,,,,,,,,,,,,,,,,,,,,,,,,,"[(1625485.91, 4754871.17), (1625480.9, 4754872.29), (1625476.86, 4754873.19), (1625479.59, 4754885.47), (1625484.27, 4754884.43), (1625488.64, 4754883.45), (1625485.91, 4754871.17)]"
142,,Unknown Area Type,33.46,RT0201010300341337,,RT0201010300597636,,RT0201020300144862,17.07,33.46,1.0,Al Suolo,20101.0,unita' volumetrica,8.0,8.0,2.0,3.0,1.0,,,,,,,,,,,,,,,,,,,,,,,,,,,,,,,"[(1625039.68, 4754517.89), (1625069.84, 4754592.27), (1625082.32, 4754587.22), (1625103.94, 4754578.45), (1625090.12, 4754544.37), (1625080.05, 4754522.17), (1625072.86, 4754504.43), (1625039.68, 4754517.89)]"
143,,Unknown Area Type,35.51,RT0201010300341322,,RT0201010300597644,RT0201060300071289,,31.57,35.51,1.0,Al Suolo,20101.0,unita' volumetrica,,,,,,12.0,1.0,1.0,,,,,,,,,,,,,,,,,,,,,,,,,,,,"[(1625830.15, 4754593.74), (1625841.06, 4754595.67), (1625854.12, 4754521.82), (1625855.9, 4754511.75), (1625844.99, 4754509.82), (1625843.81, 4754516.49), (1625830.15, 4754593.74)]"
145,,Unknown Area Type,37.88,RT0201010300342227,,RT0201010300598440,,RT0201020300144434,18.57,37.88,1.0,Al Suolo,20101.0,unita' volumetrica,1.0,306.0,2.0,3.0,1.0,,,,,,,,,,,,,,,,,,,,,,,,,,,,,,,"[(1624919.66, 4754125.0), (1624886.69, 4754137.91), (1624891.7, 4754150.71), (1624924.68, 4754137.8), (1624919.66, 4754125.0)]"
146,,Unknown Area Type,37.96,RT0201010300342228,,RT0201010300598439,,RT0201020300144433,20.42,37.96,1.0,Al Suolo,20101.0,unita' volumetrica,1.0,1.0,2.0,3.0,1.0,,,,,,,,,,,,,,,,,,,,,,,,,,,,,,,"[(1624949.72, 4754113.21), (1624937.53, 4754118.31), (1624950.99, 4754150.52), (1624963.18, 4754145.42), (1624949.72, 4754113.21)]"
151,,Unknown Area Type,35.47,RT0201010300342370,,RT0201010300596035,,RT0201020300143459,16.07,35.47,1.0,Al Suolo,20101.0,unita' volumetrica,1.0,1.0,2.0,3.0,1.0,,,,,,,,,,,,,,,,,,,,,,,,,,,,,,,"[(1624789.05, 4754076.22), (1624793.32, 4754087.07), (1624826.23, 4754074.05), (1624832.74, 4754071.68), (1624828.07, 4754060.88), (1624789.05, 4754076.22)]"
153,,Unknown Area Type,32.51,RT0201010300342144,,RT0201010300598468,,RT0201020300144455,22.29,32.51,1.0,Al Suolo,20101.0,unita' volumetrica,1.0,1.0,2.0,3.0,1.0,,,,,,,,,,,,,,,,,,,,,,,,,,,,,,,"[(1625383.18, 4754182.12), (1625404.32, 4754191.58), (1625410.45, 4754177.88), (1625389.38, 4754168.44), (1625383.18, 4754182.12)]"
157,,Unknown Area Type,40.58,RT0201010300341985,,RT0201010300598511,,RT0201020300144986,22.8,40.58,1.0,Al Suolo,20101.0,unita' volumetrica,8.0,8.0,2.0,3.0,1.0,,,,,,,,,,,,,,,,,,,,,,,,,,,,,,,"[(1625266.03, 4754265.86), (1625277.56, 4754261.24), (1625279.43, 4754260.49), (1625277.31, 4754255.21), (1625273.65, 4754246.07), (1625264.41, 4754223.03), (1625279.5, 4754216.98), (1625269.57, 4754192.21), (1625253.69, 4754198.58), (1625223.56, 4754123.43), (1625212.99, 4754127.67), (1625201.77, 4754132.17), (1625187.2, 4754095.86), (1625177.75, 4754099.65), (1625212.55, 4754189.95), (1625246.18, 4754273.82), (1625256.67, 4754269.61), (1625266.03, 4754265.86)]"
158,,Unknown Area Type,31.66,RT0201010300342037,,RT0201010300598488,,RT0201020300144986,16.06,31.66,1.0,Al Suolo,20101.0,unita' volumetrica,8.0,8.0,2.0,3.0,1.0,,,,,,,,,,,,,,,,,,,,,,,,,,,,,,,"[(1625132.88, 4754231.09), (1625137.45, 4754242.5), (1625165.14, 4754231.4), (1625160.7, 4754220.57), (1625132.88, 4754231.09)]"
160,,Unknown Area Type,35.51,RT0201010300341153,,RT0201010300596069,RT0201060300072359,,31.6,35.51,1.0,Al Suolo,20101.0,unita' volumetrica,,,,,,12.0,1.0,1.0,,,,,,,,,,,,,,,,,,,,,,,,,,,,"[(1625822.11, 4754602.16), (1625810.15, 4754600.04), (1625798.36, 4754667.4), (1625810.32, 4754669.5), (1625822.11, 4754602.16)]"
162,,Unknown Area Type,32.98,RT0201010300341987,,RT0201010300598509,,RT0201020300144511,15.45,32.98,1.0,Al Suolo,20101.0,unita' volumetrica,1.0,1.0,2.0,3.0,1.0,,,,,,,,,,,,,,,,,,,,,,,,,,,,,,,"[(1625012.15, 4754204.21), (1625039.76, 4754273.37), (1625053.95, 4754268.48), (1625034.31, 4754220.11), (1625027.41, 4754203.12), (1625032.74, 4754193.41), (1625039.47, 4754191.26), (1625027.93, 4754162.24), (1625021.0, 4754164.81), (1625009.08, 4754160.7), (1624988.76, 4754112.64), (1624977.5, 4754117.34), (1624985.96, 4754138.63), (1624999.73, 4754173.28), (1625006.04, 4754170.77), (1625018.6, 4754175.76), (1625022.9, 4754187.7), (1625016.93, 4754198.86), (1625010.72, 4754200.65), (1625012.15, 4754204.21)]"
163,,Unknown Area Type,32.79,RT0201010300342353,,RT0201010300596051,,RT0201020300144986,12.54,32.79,1.0,Al Suolo,20101.0,unita' volumetrica,8.0,8.0,2.0,3.0,1.0,,,,,,,,,,,,,,,,,,,,,,,,,,,,,,,"[(1625076.88, 4754091.9), (1625100.56, 4754081.52), (1625105.15, 4754089.96), (1625130.17, 4754080.14), (1625121.14, 4754057.63), (1625102.03, 4754009.98), (1625089.15, 4754015.14), (1625078.29, 4754019.5), (1625068.41, 4754023.46), (1625056.01, 4754028.44), (1625040.92, 4754034.49), (1625065.74, 4754096.36), (1625076.88, 4754091.9)]"
170,,Unknown Area Type,38.38,RT0201010300341309,,RT0201010300597652,RT0201060300071292,,26.29,38.38,1.0,Al Suolo,20101.0,unita' volumetrica,,,,,,12.0,1.0,1.0,,,,,,,,,,,,,,,,,,,,,,,,,,,,"[(1625468.64, 4754601.4), (1625464.81, 4754581.81), (1625450.87, 4754584.53), (1625448.83, 4754574.04), (1625438.33, 4754575.94), (1625440.96, 4754590.52), (1625449.59, 4754588.96), (1625451.08, 4754598.8), (1625455.59, 4754597.92), (1625455.13, 4754595.59), (1625463.09, 4754594.04), (1625464.68, 4754602.17), (1625468.64, 4754601.4)]"
184,,Unknown Area Type,30.19,RT0201010300341046,,RT0201010300596201,,RT0201020300143769,19.22,30.19,1.0,Al Suolo,20101.0,unita' volumetrica,8.0,8.0,2.0,3.0,1.0,,,,,,,,,,,,,,,,,,,,,,,,,,,,,,,"[(1625535.03, 4754692.58), (1625515.84, 4754694.88), (1625517.7, 4754710.35), (1625536.88, 4754708.06), (1625535.03, 4754692.58)]"
189,,Unknown Area Type,46.27,RT0201010300339996,,RT0201010300599370,RT0201060300071492,,39.69,46.27,1.0,Al Suolo,20101.0,unita' volumetrica,,,,,,12.0,1.0,1.0,,,,,,,,,,,,,,,,,,,,,,,,,,,,"[(1625948.54, 4755188.58), (1625944.03, 4755211.82), (1626037.66, 4755230.02), (1626038.8, 4755224.16), (1626040.02, 4755217.89), (1626040.7, 4755214.42), (1626025.14, 4755211.39), (1626026.62, 4755203.76), (1625958.08, 4755190.43), (1625948.54, 4755188.58)]"
191,,Unknown Area Type,37.84,RT0201010300339983,,RT0201010300599380,RT0201060300071496,,32.33,37.84,1.0,Al Suolo,20101.0,unita' volumetrica,,,,,,12.0,1.0,1.0,,,,,,,,,,,,,,,,,,,,,,,,,,,,"[(1626088.36, 4755223.53), (1626087.96, 4755226.13), (1626086.36, 4755236.4), (1626094.41, 4755237.65), (1626096.41, 4755224.77), (1626092.63, 4755224.19), (1626088.36, 4755223.53)]"
194,,Unknown Area Type,30.72,RT0201010300341024,,RT0201010300596208,,RT0201020300143773,12.55,30.72,1.0,Al Suolo,20101.0,unita' volumetrica,8.0,8.0,2.0,3.0,1.0,,,,,,,,,,,,,,,,,,,,,,,,,,,,,,,"[(1625183.24, 4754610.94), (1625226.45, 4754717.87), (1625247.44, 4754709.39), (1625204.22, 4754602.45), (1625183.24, 4754610.94)]"
196,,Unknown Area Type,34.81,RT0201010300341703,,RT0201010300596281,,RT0201020300144986,17.03,34.81,1.0,Al Suolo,20101.0,unita' volumetrica,8.0,8.0,2.0,3.0,1.0,,,,,,,,,,,,,,,,,,,,,,,,,,,,,,,"[(1625220.36, 4754447.12), (1625270.74, 4754426.73), (1625266.04, 4754415.01), (1625278.53, 4754410.0), (1625265.93, 4754378.58), (1625272.52, 4754375.94), (1625255.86, 4754334.39), (1625213.72, 4754351.48), (1625175.51, 4754257.25), (1625148.56, 4754268.06), (1625220.36, 4754447.12)]"
197,,Unknown Area Type,31.31,RT0201010300342190,,RT0201010300596261,,RT0201020300145078,10.55,31.31,1.0,Al Suolo,20101.0,unita' volumetrica,1.0,1.0,2.0,3.0,1.0,,,,,,,,,,,,,,,,,,,,,,,,,,,,,,,"[(1624863.65, 4754148.04), (1624841.33, 4754156.8), (1624845.49, 4754167.39), (1624867.8, 4754158.64), (1624863.65, 4754148.04)]"
199,,Unknown Area Type,35.03,RT0201010300341701,,RT0201010300596282,,RT0201020300144780,18.46,35.03,1.0,Al Suolo,20101.0,unita' volumetrica,8.0,8.0,2.0,3.0,1.0,,,,,,,,,,,,,,,,,,,,,,,,,,,,,,,"[(1624741.09, 4754315.37), (1624795.5, 4754447.91), (1624820.62, 4754437.6), (1624788.96, 4754360.48), (1624766.2, 4754305.03), (1624759.76, 4754307.68), (1624741.09, 4754315.37)]"
201,,Unknown Area Type,38.41,RT0201010300339908,,RT0201010300599441,RT0201060300071504,,32.61,38.41,1.0,Al Suolo,20101.0,unita' volumetrica,,,,,,12.0,1.0,1.0,,,,,,,,,,,,,,,,,,,,,,,,,,,,"[(1626242.54, 4755255.84), (1626235.61, 4755258.49), (1626240.54, 4755268.71), (1626243.06, 4755267.5), (1626244.39, 4755266.85), (1626244.58, 4755259.6), (1626242.54, 4755255.84)]"
228,,Unknown Area Type,43.15,RT0201010300341848,,RT0201010300598569,,RT0201020300144986,25.36,43.15,1.0,Al Suolo,20101.0,unita' volumetrica,8.0,8.0,2.0,3.0,1.0,,,,,,,,,,,,,,,,,,,,,,,,,,,,,,,"[(1625175.51, 4754257.25), (1625213.72, 4754351.48), (1625255.86, 4754334.39), (1625199.96, 4754195.0), (1625165.32, 4754104.63), (1625151.99, 4754071.39), (1625137.96, 4754077.02), (1625130.17, 4754080.14), (1625105.15, 4754089.96), (1625100.56, 4754081.52), (1625076.88, 4754091.9), (1625112.99, 4754181.93), (1625117.18, 4754191.94), (1625132.88, 4754231.09), (1625160.7, 4754220.57), (1625165.14, 4754231.4), (1625168.72, 4754240.34), (1625171.77, 4754247.93), (1625175.51, 4754257.25)]"
229,,Unknown Area Type,42.01,RT0201010300338977,,RT0201010300597964,RT0201060300072872,,3.48,42.01,1.0,Al Suolo,20101.0,unita' volumetrica,,,,,,1.0,2.0,1.0,,,,,,,,,,,,,,,,,,,,,,,,,,,,"[(1625799.63, 4755918.63), (1625800.52, 4755923.8), (1625837.2, 4755917.44), (1625836.3, 4755912.28), (1625799.63, 4755918.63)]"
239,,Unknown Area Type,46.89,RT0202010300008267,,,,,,,,,,,,,,,,,,,46.89,11.0,Vasca,20201.0,manufatto industriale,,,,,,,,,,,,,,,,,,,,,,,"[(1625879.17, 4755918.11), (1625906.51, 4755883.63), (1625906.73, 4755882.27), (1625906.09, 4755880.55), (1625886.25, 4755863.96), (1625885.0, 4755863.83), (1625883.83, 4755863.9), (1625855.48, 4755899.14), (1625855.0, 4755900.78), (1625855.49, 4755902.58), (1625875.1, 4755918.48), (1625876.77, 4755918.79), (1625879.17, 4755918.11)]"
254,,Unknown Area Type,67.98,RT0202010300008352,,,,,,,,,,,,,,,,,,,67.98,703.0,Silo,20201.0,manufatto industriale,,,,,,,,,,,,,,,,,,,,,,,"[(1625578.86, 4754555.61), (1625578.36, 4754555.61), (1625577.86, 4754555.63), (1625577.36, 4754555.66), (1625576.86, 4754555.7), (1625576.36, 4754555.75), (1625575.87, 4754555.82), (1625575.37, 4754555.91), (1625574.88, 4754556.0), (1625574.4, 4754556.11), (1625573.91, 4754556.23), (1625573.43, 4754556.37), (1625572.95, 4754556.52), (1625572.48, 4754556.68), (1625572.01, 4754556.86), (1625571.55, 4754557.05), (1625571.09, 4754557.25), (1625570.64, 4754557.46), (1625570.19, 4754557.69), (1625569.75, 4754557.92), (1625569.32, 4754558.17), (1625568.89, 4754558.44), (1625568.47, 4754558.71), (1625568.06, 4754558.99), (1625567.66, 4754559.29), (1625567.27, 4754559.6), (1625566.88, 4754559.91), (1625566.5, 4754560.24), (1625566.13, 4754560.58), (1625565.78, 4754560.93), (1625565.43, 4754561.29), (1625565.09, 4754561.65), (1625564.76, 4754562.03), (1625564.44, 4754562.42), (1625564.13, 4754562.81), (1625563.83, 4754563.21), (1625563.55, 4754563.62), (1625563.27, 4754564.04), (1625563.01, 4754564.47), (1625562.76, 4754564.9), (1625562.52, 4754565.34), (1625562.3, 4754565.78), (1625562.08, 4754566.23), (1625561.88, 4754566.69), (1625561.69, 4754567.15), (1625561.51, 4754567.62), (1625561.35, 4754568.09), (1625561.2, 4754568.57), (1625561.06, 4754569.05), (1625560.94, 4754569.54), (1625560.82, 4754570.02), (1625560.73, 4754570.51), (1625560.64, 4754571.01), (1625560.57, 4754571.5), (1625560.52, 4754572.0), (1625560.47, 4754572.5), (1625560.44, 4754573.0), (1625560.43, 4754573.5), (1625560.43, 4754574.0), (1625560.44, 4754574.5), (1625560.46, 4754575.0), (1625560.5, 4754575.49), (1625560.55, 4754575.99), (1625560.62, 4754576.49), (1625560.7, 4754576.98), (1625560.79, 4754577.47), (1625560.9, 4754577.96), (1625561.02, 4754578.44), (1625561.15, 4754578.93), (1625561.3, 4754579.4), (1625561.46, 4754579.88), (1625561.63, 4754580.35), (1625561.82, 4754580.81), (1625562.02, 4754581.27), (1625562.23, 4754581.72), (1625562.44, 4754582.17), (1625562.69, 4754582.61), (1625562.93, 4754583.05), (1625563.19, 4754583.48), (1625563.46, 4754583.9), (1625563.74, 4754584.31), (1625564.04, 4754584.71), (1625564.34, 4754585.11), (1625564.66, 4754585.5), (1625564.98, 4754585.88), (1625565.32, 4754586.25), (1625565.67, 4754586.61), (1625566.02, 4754586.96), (1625566.39, 4754587.3), (1625566.76, 4754587.63), (1625567.14, 4754587.95), (1625567.54, 4754588.26), (1625567.94, 4754588.56), (1625568.35, 4754588.85), (1625568.76, 4754589.13), (1625569.19, 4754589.39), (1625569.62, 4754589.65), (1625570.05, 4754589.89), (1625570.5, 4754590.12), (1625570.95, 4754590.33), (1625571.41, 4754590.54), (1625571.87, 4754590.73), (1625572.33, 4754590.91), (1625572.81, 4754591.08), (1625573.28, 4754591.23), (1625573.76, 4754591.37), (1625574.24, 4754591.5), (1625574.73, 4754591.61), (1625575.22, 4754591.71), (1625575.71, 4754591.8), (1625576.21, 4754591.87), (1625576.7, 4754591.93), (1625577.2, 4754591.98), (1625577.7, 4754592.01), (1625578.2, 4754592.03), (1625578.64, 4754592.04), (1625579.14, 4754592.03), (1625579.64, 4754592.01), (1625580.14, 4754591.98), (1625580.63, 4754591.93), (1625581.13, 4754591.87), (1625581.62, 4754591.79), (1625582.12, 4754591.7), (1625582.61, 4754591.6), (1625583.09, 4754591.48), (1625583.57, 4754591.35), (1625584.05, 4754591.21), (1625584.53, 4754591.06), (1625585.0, 4754590.89), (1625585.47, 4754590.71), (1625585.93, 4754590.51), (1625586.38, 4754590.31), (1625586.83, 4754590.09), (1625587.28, 4754589.86), (1625587.71, 4754589.62), (1625588.14, 4754589.36), (1625588.57, 4754589.09), (1625588.98, 4754588.81), (1625589.39, 4754588.53), (1625589.79, 4754588.22), (1625590.18, 4754587.91), (1625590.56, 4754587.59), (1625590.93, 4754587.26), (1625591.3, 4754586.92), (1625591.65, 4754586.56), (1625592.0, 4754586.2), (1625592.33, 4754585.83), (1625592.66, 4754585.45), (1625592.97, 4754585.06), (1625593.27, 4754584.66), (1625593.57, 4754584.26), (1625593.85, 4754583.84), (1625594.12, 4754583.42), (1625594.37, 4754582.99), (1625594.62, 4754582.56), (1625594.85, 4754582.12), (1625595.07, 4754581.67), (1625595.28, 4754581.21), (1625595.48, 4754580.75), (1625595.66, 4754580.29), (1625595.84, 4754579.82), (1625595.99, 4754579.34), (1625596.14, 4754578.87), (1625596.27, 4754578.38), (1625596.39, 4754577.9), (1625596.49, 4754577.41), (1625596.59, 4754576.92), (1625596.66, 4754576.42), (1625596.73, 4754575.93), (1625596.78, 4754575.43), (1625596.82, 4754574.93), (1625596.84, 4754574.43), (1625596.85, 4754573.93), (1625596.85, 4754573.43), (1625596.83, 4754572.93), (1625596.8, 4754572.43), (1625596.75, 4754571.94), (1625596.69, 4754571.44), (1625596.62, 4754570.95), (1625596.54, 4754570.45), (1625596.44, 4754569.96), (1625596.32, 4754569.48), (1625596.2, 4754568.99), (1625596.06, 4754568.51), (1625595.91, 4754568.04), (1625595.74, 4754567.56), (1625595.56, 4754567.1), (1625595.37, 4754566.63), (1625595.17, 4754566.18), (1625594.95, 4754565.73), (1625594.72, 4754565.28), (1625594.48, 4754564.84), (1625594.23, 4754564.41), (1625593.97, 4754563.99), (1625593.69, 4754563.57), (1625593.4, 4754563.16), (1625593.11, 4754562.76), (1625592.8, 4754562.37), (1625592.48, 4754561.98), (1625592.15, 4754561.61), (1625591.81, 4754561.24), (1625591.46, 4754560.88), (1625591.1, 4754560.54), (1625590.73, 4754560.2), (1625590.35, 4754559.87), (1625589.96, 4754559.56), (1625589.56, 4754559.25), (1625589.16, 4754558.96), (1625588.75, 4754558.67), (1625588.33, 4754558.4), (1625587.9, 4754558.14), (1625587.47, 4754557.89), (1625587.03, 4754557.66), (1625586.58, 4754557.43), (1625586.13, 4754557.22), (1625585.67, 4754557.02), (1625585.2, 4754556.84), (1625584.74, 4754556.66), (1625584.26, 4754556.5), (1625583.78, 4754556.35), (1625583.3, 4754556.22), (1625582.82, 4754556.1), (1625582.33, 4754555.99), (1625581.84, 4754555.89), (1625581.35, 4754555.81), (1625580.85, 4754555.75), (1625580.35, 4754555.69), (1625579.85, 4754555.65), (1625579.36, 4754555.62), (1625578.86, 4754555.61)]"
256,,Unknown Area Type,40.64,RT0202010300008302,,,,,,,,,,,,,,,,,,,40.64,703.0,Silo,20201.0,manufatto industriale,,,,,,,,,,,,,,,,,,,,,,,"[(1626090.56, 4755522.39), (1626090.06, 4755522.39), (1626089.56, 4755522.44), (1626089.07, 4755522.54), (1626088.6, 4755522.69), (1626088.13, 4755522.88), (1626087.69, 4755523.12), (1626087.28, 4755523.39), (1626086.89, 4755523.71), (1626086.53, 4755524.06), (1626086.21, 4755524.44), (1626085.93, 4755524.86), (1626085.69, 4755525.29), (1626085.5, 4755525.75), (1626085.35, 4755526.23), (1626085.24, 4755526.72), (1626085.19, 4755527.22), (1626085.18, 4755527.72), (1626085.22, 4755528.21), (1626085.31, 4755528.71), (1626085.44, 4755529.19), (1626085.62, 4755529.65), (1626085.85, 4755530.1), (1626086.12, 4755530.52), (1626086.42, 4755530.92), (1626086.77, 4755531.28), (1626087.14, 4755531.61), (1626087.55, 4755531.9), (1626087.98, 4755532.15), (1626088.44, 4755532.35), (1626088.91, 4755532.51), (1626089.4, 4755532.63), (1626089.89, 4755532.69), (1626090.34, 4755532.71), (1626090.84, 4755532.69), (1626091.33, 4755532.62), (1626091.82, 4755532.5), (1626092.29, 4755532.33), (1626092.74, 4755532.12), (1626093.17, 4755531.87), (1626093.58, 4755531.57), (1626093.95, 4755531.24), (1626094.29, 4755530.87), (1626094.59, 4755530.48), (1626094.86, 4755530.05), (1626095.08, 4755529.6), (1626095.25, 4755529.14), (1626095.38, 4755528.65), (1626095.47, 4755528.16), (1626095.5, 4755527.66), (1626095.49, 4755527.16), (1626095.43, 4755526.67), (1626095.32, 4755526.18), (1626095.16, 4755525.7), (1626094.96, 4755525.25), (1626094.71, 4755524.81), (1626094.43, 4755524.4), (1626094.11, 4755524.02), (1626093.75, 4755523.67), (1626093.36, 4755523.36), (1626092.94, 4755523.09), (1626092.49, 4755522.86), (1626092.03, 4755522.67), (1626091.55, 4755522.53), (1626091.06, 4755522.44), (1626090.56, 4755522.39)]"
263,,Unknown Area Type,55.89,RT0202010300008331,,,,,,,,,,,,,,,,,,,55.89,703.0,Silo,20201.0,manufatto industriale,,,,,,,,,,,,,,,,,,,,,,,"[(1625523.76, 4754884.15), (1625523.26, 4754884.15), (1625522.76, 4754884.17), (1625522.26, 4754884.21), (1625521.76, 4754884.27), (1625521.27, 4754884.35), (1625520.78, 4754884.44), (1625520.29, 4754884.55), (1625519.81, 4754884.68), (1625519.33, 4754884.83), (1625518.86, 4754884.99), (1625518.39, 4754885.17), (1625517.93, 4754885.37), (1625517.48, 4754885.59), (1625517.04, 4754885.82), (1625516.6, 4754886.07), (1625516.18, 4754886.33), (1625515.76, 4754886.61), (1625515.36, 4754886.9), (1625514.96, 4754887.21), (1625514.58, 4754887.53), (1625514.21, 4754887.86), (1625513.85, 4754888.21), (1625513.51, 4754888.57), (1625513.17, 4754888.95), (1625512.86, 4754889.33), (1625512.55, 4754889.73), (1625512.26, 4754890.14), (1625511.99, 4754890.56), (1625511.73, 4754890.98), (1625511.49, 4754891.42), (1625511.26, 4754891.87), (1625511.05, 4754892.32), (1625510.85, 4754892.78), (1625510.68, 4754893.25), (1625510.52, 4754893.72), (1625510.37, 4754894.2), (1625510.25, 4754894.68), (1625510.14, 4754895.17), (1625510.05, 4754895.66), (1625509.98, 4754896.16), (1625509.92, 4754896.66), (1625509.89, 4754897.15), (1625509.87, 4754897.65), (1625509.87, 4754898.15), (1625509.89, 4754898.65), (1625509.93, 4754899.15), (1625509.98, 4754899.65), (1625510.06, 4754900.14), (1625510.15, 4754900.64), (1625510.26, 4754901.12), (1625510.38, 4754901.61), (1625510.53, 4754902.09), (1625510.69, 4754902.56), (1625510.87, 4754903.03), (1625511.07, 4754903.49), (1625511.28, 4754903.94), (1625511.51, 4754904.38), (1625511.75, 4754904.82), (1625512.01, 4754905.25), (1625512.29, 4754905.66), (1625512.58, 4754906.07), (1625512.88, 4754906.47), (1625513.2, 4754906.85), (1625513.54, 4754907.22), (1625513.88, 4754907.58), (1625514.24, 4754907.93), (1625514.61, 4754908.26), (1625515.0, 4754908.59), (1625515.39, 4754908.89), (1625515.8, 4754909.18), (1625516.21, 4754909.46), (1625516.64, 4754909.72), (1625517.08, 4754909.97), (1625517.52, 4754910.2), (1625517.97, 4754910.41), (1625518.43, 4754910.61), (1625518.9, 4754910.79), (1625519.37, 4754910.95), (1625519.85, 4754911.09), (1625520.33, 4754911.22), (1625520.82, 4754911.33), (1625521.31, 4754911.42), (1625521.81, 4754911.5), (1625522.3, 4754911.56), (1625522.8, 4754911.59), (1625523.3, 4754911.61), (1625523.61, 4754911.62), (1625524.11, 4754911.61), (1625524.6, 4754911.58), (1625525.1, 4754911.54), (1625525.6, 4754911.47), (1625526.09, 4754911.39), (1625526.58, 4754911.29), (1625527.07, 4754911.17), (1625527.55, 4754911.04), (1625528.03, 4754910.89), (1625528.5, 4754910.72), (1625528.96, 4754910.53), (1625529.42, 4754910.33), (1625529.87, 4754910.11), (1625530.31, 4754909.87), (1625530.74, 4754909.62), (1625531.16, 4754909.35), (1625531.57, 4754909.07), (1625531.98, 4754908.77), (1625532.37, 4754908.46), (1625532.75, 4754908.14), (1625533.11, 4754907.8), (1625533.47, 4754907.44), (1625533.81, 4754907.08), (1625534.14, 4754906.7), (1625534.45, 4754906.31), (1625534.75, 4754905.91), (1625535.03, 4754905.5), (1625535.3, 4754905.08), (1625535.56, 4754904.65), (1625535.8, 4754904.21), (1625536.02, 4754903.76), (1625536.23, 4754903.31), (1625536.41, 4754902.84), (1625536.59, 4754902.37), (1625536.74, 4754901.9), (1625536.88, 4754901.42), (1625537.0, 4754900.93), (1625537.1, 4754900.44), (1625537.18, 4754899.95), (1625537.25, 4754899.45), (1625537.3, 4754898.96), (1625537.33, 4754898.46), (1625537.34, 4754897.96), (1625537.33, 4754897.46), (1625537.31, 4754896.96), (1625537.27, 4754896.46), (1625537.21, 4754895.96), (1625537.13, 4754895.47), (1625537.03, 4754894.98), (1625536.92, 4754894.49), (1625536.78, 4754894.01), (1625536.64, 4754893.53), (1625536.47, 4754893.06), (1625536.28, 4754892.6), (1625536.08, 4754892.14), (1625535.87, 4754891.69), (1625535.63, 4754891.25), (1625535.38, 4754890.81), (1625535.12, 4754890.39), (1625534.84, 4754889.98), (1625534.54, 4754889.57), (1625534.23, 4754889.18), (1625533.91, 4754888.8), (1625533.57, 4754888.43), (1625533.22, 4754888.07), (1625532.86, 4754887.73), (1625532.48, 4754887.4), (1625532.1, 4754887.08), (1625531.7, 4754886.78), (1625531.29, 4754886.49), (1625530.87, 4754886.22), (1625530.44, 4754885.97), (1625530.0, 4754885.73), (1625529.55, 4754885.5), (1625529.1, 4754885.29), (1625528.64, 4754885.1), (1625528.17, 4754884.93), (1625527.69, 4754884.77), (1625527.21, 4754884.63), (1625526.73, 4754884.51), (1625526.24, 4754884.4), (1625525.75, 4754884.31), (1625525.25, 4754884.25), (1625524.76, 4754884.19), (1625524.26, 4754884.16), (1625523.76, 4754884.15)]"
266,,Unknown Area Type,40.64,RT0202010300008303,,,,,,,,,,,,,,,,,,,40.64,703.0,Silo,20201.0,manufatto industriale,,,,,,,,,,,,,,,,,,,,,,,"[(1626075.08, 4755513.09), (1626074.58, 4755513.12), (1626074.09, 4755513.2), (1626073.61, 4755513.33), (1626073.14, 4755513.5), (1626072.69, 4755513.73), (1626072.27, 4755513.99), (1626071.88, 4755514.3), (1626071.52, 4755514.65), (1626071.19, 4755515.03), (1626070.91, 4755515.44), (1626070.67, 4755515.88), (1626070.48, 4755516.34), (1626070.33, 4755516.82), (1626070.23, 4755517.31), (1626070.19, 4755517.81), (1626070.19, 4755518.31), (1626070.24, 4755518.8), (1626070.35, 4755519.29), (1626070.5, 4755519.77), (1626070.7, 4755520.22), (1626070.95, 4755520.66), (1626071.24, 4755521.07), (1626071.57, 4755521.44), (1626071.93, 4755521.78), (1626072.33, 4755522.09), (1626072.76, 4755522.35), (1626073.21, 4755522.56), (1626073.68, 4755522.73), (1626074.16, 4755522.85), (1626074.66, 4755522.92), (1626075.11, 4755522.94), (1626075.61, 4755522.92), (1626076.1, 4755522.84), (1626076.58, 4755522.72), (1626077.05, 4755522.54), (1626077.5, 4755522.32), (1626077.92, 4755522.06), (1626078.32, 4755521.75), (1626078.68, 4755521.41), (1626079.01, 4755521.03), (1626079.29, 4755520.62), (1626079.53, 4755520.18), (1626079.73, 4755519.72), (1626079.88, 4755519.24), (1626079.98, 4755518.75), (1626080.03, 4755518.26), (1626080.03, 4755517.76), (1626079.97, 4755517.26), (1626079.87, 4755516.77), (1626079.72, 4755516.29), (1626079.52, 4755515.83), (1626079.28, 4755515.4), (1626078.99, 4755514.99), (1626078.66, 4755514.61), (1626078.3, 4755514.27), (1626077.9, 4755513.96), (1626077.48, 4755513.7), (1626077.03, 4755513.48), (1626076.56, 4755513.31), (1626076.08, 4755513.19), (1626075.58, 4755513.12), (1626075.08, 4755513.09)]"
267,,Unknown Area Type,40.64,RT0202010300008301,,,,,,,,,,,,,,,,,,,40.64,703.0,Silo,20201.0,manufatto industriale,,,,,,,,,,,,,,,,,,,,,,,"[(1626104.6, 4755531.11), (1626104.1, 4755531.13), (1626103.61, 4755531.19), (1626103.12, 4755531.31), (1626102.65, 4755531.47), (1626102.19, 4755531.68), (1626101.76, 4755531.93), (1626101.36, 4755532.22), (1626100.98, 4755532.55), (1626100.64, 4755532.92), (1626100.34, 4755533.31), (1626100.07, 4755533.74), (1626099.85, 4755534.19), (1626099.68, 4755534.65), (1626099.55, 4755535.14), (1626099.46, 4755535.63), (1626099.43, 4755536.13), (1626099.45, 4755536.63), (1626099.51, 4755537.12), (1626099.62, 4755537.61), (1626099.78, 4755538.08), (1626099.99, 4755538.54), (1626100.24, 4755538.97), (1626100.52, 4755539.38), (1626100.85, 4755539.76), (1626101.22, 4755540.1), (1626101.61, 4755540.41), (1626102.03, 4755540.67), (1626102.48, 4755540.9), (1626102.95, 4755541.08), (1626103.43, 4755541.21), (1626103.92, 4755541.29), (1626104.42, 4755541.33), (1626104.54, 4755541.33), (1626105.04, 4755541.31), (1626105.54, 4755541.23), (1626106.02, 4755541.11), (1626106.49, 4755540.95), (1626106.94, 4755540.73), (1626107.37, 4755540.48), (1626107.77, 4755540.18), (1626108.15, 4755539.84), (1626108.48, 4755539.48), (1626108.78, 4755539.07), (1626109.04, 4755538.65), (1626109.26, 4755538.2), (1626109.43, 4755537.73), (1626109.55, 4755537.24), (1626109.63, 4755536.75), (1626109.65, 4755536.25), (1626109.63, 4755535.75), (1626109.56, 4755535.26), (1626109.44, 4755534.77), (1626109.28, 4755534.3), (1626109.07, 4755533.84), (1626108.82, 4755533.41), (1626108.52, 4755533.01), (1626108.19, 4755532.64), (1626107.82, 4755532.3), (1626107.42, 4755532.0), (1626107.0, 4755531.73), (1626106.55, 4755531.52), (1626106.08, 4755531.34), (1626105.59, 4755531.22), (1626105.1, 4755531.14), (1626104.6, 4755531.11)]"
270,,Unknown Area Type,53.93,RT0202010300008300,,,,,,,,,,,,,,,,,,,53.93,703.0,Silo,20201.0,manufatto industriale,,,,,,,,,,,,,,,,,,,,,,,"[(1626227.68, 4755530.95), (1626227.18, 4755530.95), (1626226.68, 4755530.96), (1626226.18, 4755530.98), (1626225.68, 4755531.01), (1626225.19, 4755531.05), (1626224.69, 4755531.11), (1626224.19, 4755531.18), (1626223.7, 4755531.26), (1626223.21, 4755531.35), (1626222.72, 4755531.45), (1626222.23, 4755531.57), (1626221.75, 4755531.69), (1626221.27, 4755531.83), (1626220.79, 4755531.98), (1626220.32, 4755532.14), (1626219.85, 4755532.31), (1626219.38, 4755532.49), (1626218.92, 4755532.69), (1626218.46, 4755532.89), (1626218.01, 4755533.11), (1626217.57, 4755533.33), (1626217.13, 4755533.57), (1626216.69, 4755533.81), (1626216.26, 4755534.07), (1626215.84, 4755534.34), (1626215.42, 4755534.61), (1626215.01, 4755534.9), (1626214.61, 4755535.2), (1626214.21, 4755535.5), (1626213.83, 4755535.82), (1626213.44, 4755536.14), (1626213.07, 4755536.47), (1626212.71, 4755536.82), (1626212.35, 4755537.17), (1626212.0, 4755537.52), (1626211.66, 4755537.89), (1626211.33, 4755538.26), (1626211.01, 4755538.65), (1626210.69, 4755539.04), (1626210.39, 4755539.43), (1626210.1, 4755539.84), (1626209.81, 4755540.25), (1626209.54, 4755540.67), (1626209.27, 4755541.09), (1626209.02, 4755541.52), (1626208.77, 4755541.96), (1626208.54, 4755542.4), (1626208.31, 4755542.85), (1626208.1, 4755543.3), (1626207.9, 4755543.76), (1626207.71, 4755544.22), (1626207.53, 4755544.68), (1626207.36, 4755545.15), (1626207.2, 4755545.63), (1626207.05, 4755546.11), (1626206.92, 4755546.59), (1626206.79, 4755547.07), (1626206.68, 4755547.56), (1626206.58, 4755548.05), (1626206.49, 4755548.54), (1626206.41, 4755549.03), (1626206.35, 4755549.53), (1626206.29, 4755550.03), (1626206.25, 4755550.53), (1626206.22, 4755551.02), (1626206.2, 4755551.52), (1626206.19, 4755552.02), (1626206.2, 4755552.52), (1626206.21, 4755553.02), (1626206.24, 4755553.52), (1626206.28, 4755554.02), (1626206.34, 4755554.52), (1626206.4, 4755555.01), (1626206.47, 4755555.51), (1626206.56, 4755556.0), (1626206.66, 4755556.49), (1626206.77, 4755556.98), (1626206.89, 4755557.46), (1626207.03, 4755557.95), (1626207.17, 4755558.42), (1626207.33, 4755558.9), (1626207.49, 4755559.37), (1626207.67, 4755559.84), (1626207.86, 4755560.3), (1626208.06, 4755560.76), (1626208.27, 4755561.21), (1626208.49, 4755561.66), (1626208.73, 4755562.1), (1626208.97, 4755562.54), (1626209.22, 4755562.97), (1626209.49, 4755563.4), (1626209.76, 4755563.82), (1626210.04, 4755564.23), (1626210.33, 4755564.63), (1626210.64, 4755565.03), (1626210.95, 4755565.42), (1626211.27, 4755565.81), (1626211.6, 4755566.18), (1626211.94, 4755566.55), (1626212.28, 4755566.91), (1626212.64, 4755567.26), (1626213.0, 4755567.61), (1626213.37, 4755567.94), (1626213.75, 4755568.27), (1626214.14, 4755568.58), (1626214.53, 4755568.89), (1626214.94, 4755569.19), (1626215.34, 4755569.48), (1626215.76, 4755569.75), (1626216.18, 4755570.02), (1626216.61, 4755570.28), (1626217.04, 4755570.53), (1626217.48, 4755570.77), (1626217.93, 4755570.99), (1626218.38, 4755571.21), (1626218.83, 4755571.42), (1626219.29, 4755571.61), (1626219.76, 4755571.8), (1626220.23, 4755571.97), (1626220.7, 4755572.13), (1626221.18, 4755572.28), (1626221.66, 4755572.42), (1626222.14, 4755572.55), (1626222.63, 4755572.67), (1626223.12, 4755572.77), (1626223.61, 4755572.87), (1626224.1, 4755572.95), (1626224.6, 4755573.02), (1626225.09, 4755573.08), (1626225.59, 4755573.13), (1626226.09, 4755573.16), (1626226.59, 4755573.18), (1626227.09, 4755573.19), (1626227.32, 4755573.2), (1626227.82, 4755573.19), (1626228.32, 4755573.17), (1626228.82, 4755573.14), (1626229.31, 4755573.1), (1626229.81, 4755573.05), (1626230.31, 4755572.98), (1626230.8, 4755572.91), (1626231.29, 4755572.82), (1626231.78, 4755572.72), (1626232.27, 4755572.61), (1626232.76, 4755572.48), (1626233.24, 4755572.35), (1626233.72, 4755572.2), (1626234.19, 4755572.05), (1626234.66, 4755571.88), (1626235.13, 4755571.7), (1626235.59, 4755571.51), (1626236.05, 4755571.31), (1626236.5, 4755571.1), (1626236.95, 4755570.87), (1626237.39, 4755570.64), (1626237.83, 4755570.4), (1626238.26, 4755570.14), (1626238.68, 4755569.88), (1626239.1, 4755569.6), (1626239.51, 4755569.32), (1626239.92, 4755569.03), (1626240.31, 4755568.72), (1626240.71, 4755568.41), (1626241.09, 4755568.09), (1626241.46, 4755567.76), (1626241.83, 4755567.42), (1626242.19, 4755567.07), (1626242.54, 4755566.72), (1626242.88, 4755566.35), (1626243.22, 4755565.98), (1626243.54, 4755565.6), (1626243.86, 4755565.21), (1626244.16, 4755564.82), (1626244.46, 4755564.41), (1626244.75, 4755564.01), (1626245.03, 4755563.59), (1626245.29, 4755563.17), (1626245.55, 4755562.74), (1626245.8, 4755562.3), (1626246.04, 4755561.86), (1626246.26, 4755561.42), (1626246.48, 4755560.97), (1626246.68, 4755560.51), (1626246.88, 4755560.05), (1626247.06, 4755559.59), (1626247.23, 4755559.12), (1626247.39, 4755558.64), (1626247.54, 4755558.17), (1626247.68, 4755557.69), (1626247.81, 4755557.2), (1626247.93, 4755556.72), (1626248.03, 4755556.23), (1626248.12, 4755555.74), (1626248.2, 4755555.24), (1626248.27, 4755554.75), (1626248.33, 4755554.25), (1626248.38, 4755553.75), (1626248.41, 4755553.25), (1626248.43, 4755552.75), (1626248.44, 4755552.25), (1626248.44, 4755551.75), (1626248.43, 4755551.25), (1626248.4, 4755550.75), (1626248.36, 4755550.26), (1626248.32, 4755549.76), (1626248.25, 4755549.26), (1626248.18, 4755548.77), (1626248.1, 4755548.27), (1626248.0, 4755547.78), (1626247.9, 4755547.3), (1626247.78, 4755546.81), (1626247.65, 4755546.33), (1626247.5, 4755545.85), (1626247.35, 4755545.37), (1626247.19, 4755544.9), (1626247.01, 4755544.43), (1626246.83, 4755543.97), (1626246.63, 4755543.51), (1626246.42, 4755543.05), (1626246.2, 4755542.6), (1626245.97, 4755542.16), (1626245.73, 4755541.72), (1626245.48, 4755541.29), (1626245.22, 4755540.86), (1626244.95, 4755540.44), (1626244.67, 4755540.03), (1626244.38, 4755539.62), (1626244.08, 4755539.22), (1626243.77, 4755538.83), (1626243.45, 4755538.44), (1626243.13, 4755538.06), (1626242.79, 4755537.69), (1626242.45, 4755537.33), (1626242.09, 4755536.97), (1626241.73, 4755536.63), (1626241.36, 4755536.29), (1626240.99, 4755535.96), (1626240.6, 4755535.65), (1626240.21, 4755535.34), (1626239.81, 4755535.04), (1626239.4, 4755534.74), (1626238.99, 4755534.46), (1626238.57, 4755534.19), (1626238.14, 4755533.93), (1626237.71, 4755533.68), (1626237.27, 4755533.44), (1626236.83, 4755533.21), (1626236.38, 4755532.99), (1626235.92, 4755532.78), (1626235.47, 4755532.58), (1626235.0, 4755532.39), (1626234.53, 4755532.22), (1626234.06, 4755532.05), (1626233.59, 4755531.9), (1626233.11, 4755531.76), (1626232.62, 4755531.62), (1626232.14, 4755531.5), (1626231.65, 4755531.4), (1626231.16, 4755531.3), (1626230.67, 4755531.21), (1626230.17, 4755531.14), (1626229.68, 4755531.08), (1626229.18, 4755531.03), (1626228.68, 4755530.99), (1626228.18, 4755530.96), (1626227.68, 4755530.95)]"
284,,Unknown Area Type,41.0,RT0202010300008304,,,,,,,,,,,,,,,,,,,41.0,703.0,Silo,20201.0,manufatto industriale,,,,,,,,,,,,,,,,,,,,,,,"[(1626060.17, 4755504.54), (1626059.67, 4755504.6), (1626059.19, 4755504.7), (1626058.71, 4755504.85), (1626058.25, 4755505.06), (1626057.82, 4755505.31), (1626057.42, 4755505.61), (1626057.05, 4755505.95), (1626056.72, 4755506.32), (1626056.43, 4755506.73), (1626056.19, 4755507.16), (1626055.99, 4755507.62), (1626055.85, 4755508.1), (1626055.75, 4755508.59), (1626055.71, 4755509.09), (1626055.72, 4755509.59), (1626055.78, 4755510.09), (1626055.9, 4755510.57), (1626056.07, 4755511.04), (1626056.28, 4755511.49), (1626056.55, 4755511.92), (1626056.85, 4755512.31), (1626057.2, 4755512.67), (1626057.58, 4755512.99), (1626058.0, 4755513.27), (1626058.44, 4755513.51), (1626058.9, 4755513.69), (1626059.38, 4755513.83), (1626059.88, 4755513.91), (1626060.38, 4755513.94), (1626060.41, 4755513.94), (1626060.9, 4755513.91), (1626061.4, 4755513.83), (1626061.88, 4755513.7), (1626062.35, 4755513.52), (1626062.79, 4755513.29), (1626063.21, 4755513.01), (1626063.59, 4755512.69), (1626063.94, 4755512.34), (1626064.25, 4755511.94), (1626064.51, 4755511.52), (1626064.73, 4755511.07), (1626064.9, 4755510.6), (1626065.02, 4755510.11), (1626065.09, 4755509.62), (1626065.1, 4755509.12), (1626065.07, 4755508.62), (1626064.97, 4755508.13), (1626064.83, 4755507.65), (1626064.64, 4755507.19), (1626064.4, 4755506.75), (1626064.11, 4755506.34), (1626063.78, 4755505.97), (1626063.41, 4755505.63), (1626063.01, 4755505.33), (1626062.58, 4755505.07), (1626062.13, 4755504.87), (1626061.66, 4755504.71), (1626061.17, 4755504.6), (1626060.67, 4755504.55), (1626060.17, 4755504.54)]"
290,,Unknown Area Type,40.54,RT0202010300008348,,,,,,,,,,,,,,,,,,,40.54,703.0,Silo,20201.0,manufatto industriale,,,,,,,,,,,,,,,,,,,,,,,"[(1625521.87, 4754680.56), (1625521.37, 4754680.59), (1625520.87, 4754680.65), (1625520.38, 4754680.75), (1625519.9, 4754680.89), (1625519.43, 4754681.07), (1625518.98, 4754681.28), (1625518.55, 4754681.53), (1625518.13, 4754681.8), (1625517.74, 4754682.11), (1625517.37, 4754682.45), (1625517.03, 4754682.82), (1625516.72, 4754683.21), (1625516.44, 4754683.62), (1625516.19, 4754684.06), (1625515.97, 4754684.51), (1625515.8, 4754684.97), (1625515.65, 4754685.45), (1625515.55, 4754685.94), (1625515.48, 4754686.44), (1625515.45, 4754686.94), (1625515.46, 4754687.44), (1625515.51, 4754687.93), (1625515.6, 4754688.43), (1625515.72, 4754688.91), (1625515.88, 4754689.38), (1625516.08, 4754689.84), (1625516.31, 4754690.29), (1625516.57, 4754690.71), (1625516.87, 4754691.11), (1625517.19, 4754691.49), (1625517.55, 4754691.84), (1625517.93, 4754692.17), (1625518.33, 4754692.46), (1625518.76, 4754692.72), (1625519.2, 4754692.95), (1625519.67, 4754693.15), (1625520.14, 4754693.3), (1625520.63, 4754693.42), (1625521.12, 4754693.51), (1625521.61, 4754693.55), (1625521.95, 4754693.56), (1625522.45, 4754693.54), (1625522.95, 4754693.48), (1625523.44, 4754693.39), (1625523.92, 4754693.26), (1625524.39, 4754693.09), (1625524.84, 4754692.88), (1625525.28, 4754692.64), (1625525.7, 4754692.37), (1625526.1, 4754692.06), (1625526.47, 4754691.73), (1625526.82, 4754691.37), (1625527.13, 4754690.98), (1625527.42, 4754690.57), (1625527.67, 4754690.14), (1625527.89, 4754689.69), (1625528.08, 4754689.23), (1625528.23, 4754688.75), (1625528.34, 4754688.26), (1625528.41, 4754687.77), (1625528.45, 4754687.27), (1625528.44, 4754686.77), (1625528.4, 4754686.27), (1625528.32, 4754685.78), (1625528.2, 4754685.29), (1625528.05, 4754684.82), (1625527.86, 4754684.36), (1625527.63, 4754683.91), (1625527.37, 4754683.48), (1625527.08, 4754683.08), (1625526.76, 4754682.69), (1625526.41, 4754682.34), (1625526.04, 4754682.01), (1625525.63, 4754681.71), (1625525.21, 4754681.44), (1625524.77, 4754681.21), (1625524.31, 4754681.01), (1625523.84, 4754680.84), (1625523.36, 4754680.72), (1625522.86, 4754680.63), (1625522.37, 4754680.58), (1625521.87, 4754680.56)]"
338,,Unknown Area Type,35.51,,,,RT0201060300071289,,,,,,,,,,,,,12.0,1.0,1.0,,,,,,RT0201030300116894,,,In Costruzione,20106.0,edificio minore,,,,,,,,,,,,,,,,,"[(1625830.15, 4754593.74), (1625841.06, 4754595.67), (1625854.12, 4754521.82), (1625855.9, 4754511.75), (1625844.99, 4754509.82), (1625843.81, 4754516.49), (1625830.15, 4754593.74)]"
339,,Unknown Area Type,38.38,,,,RT0201060300071292,,,,,,,,,,,,,12.0,1.0,1.0,,,,,,RT0201030300117010,,,In Costruzione,20106.0,edificio minore,,,,,,,,,,,,,,,,,"[(1625468.64, 4754601.4), (1625464.81, 4754581.81), (1625450.87, 4754584.53), (1625448.83, 4754574.04), (1625438.33, 4754575.94), (1625440.96, 4754590.52), (1625449.59, 4754588.96), (1625451.08, 4754598.8), (1625455.59, 4754597.92), (1625455.13, 4754595.59), (1625463.09, 4754594.04), (1625464.68, 4754602.17), (1625468.64, 4754601.4)]"
348,,Unknown Area Type,46.27,,,,RT0201060300071492,,,,,,,,,,,,,12.0,1.0,1.0,,,,,,RT0201030300117572,,,In Costruzione,20106.0,edificio minore,,,,,,,,,,,,,,,,,"[(1625948.54, 4755188.58), (1625944.03, 4755211.82), (1626037.66, 4755230.02), (1626038.8, 4755224.16), (1626040.02, 4755217.89), (1626040.7, 4755214.42), (1626025.14, 4755211.39), (1626026.62, 4755203.76), (1625958.08, 4755190.43), (1625948.54, 4755188.58)]"
349,,Unknown Area Type,37.84,,,,RT0201060300071496,,,,,,,,,,,,,12.0,1.0,1.0,,,,,,RT0201030300117577,,,In Costruzione,20106.0,edificio minore,,,,,,,,,,,,,,,,,"[(1626088.36, 4755223.53), (1626087.96, 4755226.13), (1626086.36, 4755236.4), (1626094.41, 4755237.65), (1626096.41, 4755224.77), (1626092.63, 4755224.19), (1626088.36, 4755223.53)]"
350,,Unknown Area Type,38.41,,,,RT0201060300071504,,,,,,,,,,,,,12.0,1.0,1.0,,,,,,RT0201030300117612,,,In Costruzione,20106.0,edificio minore,,,,,,,,,,,,,,,,,"[(1626242.54, 4755255.84), (1626235.61, 4755258.49), (1626240.54, 4755268.71), (1626243.06, 4755267.5), (1626244.39, 4755266.85), (1626244.58, 4755259.6), (1626242.54, 4755255.84)]"
354,,Unknown Area Type,30.46,,,,RT0201060300071785,,,,,,,,,,,,,12.0,1.0,1.0,,,,,,RT0201030300117170,,,In Costruzione,20106.0,edificio minore,,,,,,,,,,,,,,,,,"[(1625485.91, 4754871.17), (1625480.9, 4754872.29), (1625476.86, 4754873.19), (1625479.59, 4754885.47), (1625484.27, 4754884.43), (1625488.64, 4754883.45), (1625485.91, 4754871.17)]"
371,,Unknown Area Type,33.35,,,,RT0201060300072025,,,,,,,,,,,,,12.0,1.0,1.0,,,,,,RT0201030300117697,,,In Costruzione,20106.0,edificio minore,,,,,,,,,,,,,,,,,"[(1626121.2, 4755316.7), (1626119.38, 4755326.41), (1626116.31, 4755342.83), (1626126.85, 4755344.81), (1626128.45, 4755336.27), (1626129.91, 4755328.48), (1626126.74, 4755327.89), (1626128.58, 4755318.08), (1626121.2, 4755316.7)]"
393,,Unknown Area Type,38.38,,,,RT0201060300072377,,,,,,,,,,,,,12.0,1.0,1.0,,,,,,RT0201030300117034,,,In Costruzione,20106.0,edificio minore,,,,,,,,,,,,,,,,,"[(1625440.2, 4754691.15), (1625437.62, 4754691.5), (1625426.77, 4754692.96), (1625428.18, 4754703.48), (1625432.2, 4754702.94), (1625437.08, 4754739.3), (1625443.43, 4754738.45), (1625439.62, 4754710.07), (1625441.85, 4754709.77), (1625453.17, 4754708.25), (1625452.76, 4754705.19), (1625452.36, 4754702.19), (1625448.89, 4754702.66), (1625441.87, 4754703.6), (1625440.2, 4754691.15)]"
399,,Unknown Area Type,35.51,,,,RT0201060300072359,,,,,,,,,,,,,12.0,1.0,1.0,,,,,,RT0201030300116962,,,In Costruzione,20106.0,edificio minore,,,,,,,,,,,,,,,,,"[(1625822.11, 4754602.16), (1625810.15, 4754600.04), (1625798.36, 4754667.4), (1625810.32, 4754669.5), (1625822.11, 4754602.16)]"
414,,Unknown Area Type,31.11,,,,RT0201060300072559,,,,,,,,,,,,,12.0,1.0,1.0,,,,,,RT0201030300117266,,,In Costruzione,20106.0,edificio minore,,,,,,,,,,,,,,,,,"[(1625547.64, 4754967.98), (1625537.15, 4754971.31), (1625542.36, 4754987.79), (1625552.86, 4754984.46), (1625547.64, 4754967.98)]"
430,,Unknown Area Type,36.03,,,,RT0201060300072624,,,,,,,,,,,,,12.0,1.0,1.0,,,,,,RT0201030300117336,,,In Costruzione,20106.0,edificio minore,,,,,,,,,,,,,,,,,"[(1625719.12, 4755036.82), (1625718.67, 4755039.64), (1625709.35, 4755038.14), (1625708.42, 4755043.88), (1625707.52, 4755049.48), (1625723.86, 4755052.11), (1625724.74, 4755046.6), (1625726.14, 4755037.95), (1625719.12, 4755036.82)]"
435,,Unknown Area Type,30.85,,,,RT0201060300072638,,,,,,,,,,,,,12.0,1.0,1.0,,,,,,RT0201030300117349,,,In Costruzione,20106.0,edificio minore,,,,,,,,,,,,,,,,,"[(1625563.3, 4755053.43), (1625559.66, 4755054.98), (1625557.0, 4755056.11), (1625560.06, 4755063.28), (1625566.36, 4755060.59), (1625565.05, 4755057.52), (1625563.3, 4755053.43)]"
437,,Unknown Area Type,50.56,,,,RT0201060300072653,,,,,,,,,,,,,12.0,1.0,1.0,,,,,,RT0201030300117399,,,In Costruzione,20106.0,edificio minore,,,,,,,,,,,,,,,,,"[(1625909.94, 4755075.79), (1625909.44, 4755078.91), (1625907.18, 4755093.09), (1625926.95, 4755095.92), (1625928.05, 4755089.08), (1625929.65, 4755079.07), (1625909.94, 4755075.79)]"
447,,Unknown Area Type,61.63,RT0201010300342130,,RT0201010300597454,,RT0201020300144986,43.85,61.63,1.0,Al Suolo,20101.0,unita' volumetrica,8.0,8.0,2.0,3.0,1.0,,,,,,,,,,,,,,,,,,,,,,,,,,,,,,,"[(1625199.96, 4754195.0), (1625212.55, 4754189.95), (1625177.75, 4754099.65), (1625165.32, 4754104.63), (1625199.96, 4754195.0)]"
448,,Unknown Area Type,47.71,RT0201010300342131,,RT0201010300597453,,RT0201020300144499,38.75,47.71,1.0,Al Suolo,20101.0,unita' volumetrica,8.0,8.0,2.0,3.0,1.0,,,,,,,,,,,,,,,,,,,,,,,,,,,,,,,"[(1625547.83, 4754192.73), (1625552.51, 4754194.86), (1625555.6, 4754188.08), (1625556.86, 4754185.4), (1625552.39, 4754183.05), (1625560.21, 4754167.9), (1625534.44, 4754155.4), (1625525.58, 4754172.57), (1625524.57, 4754174.52), (1625550.33, 4754187.56), (1625547.83, 4754192.73)]"
449,,Unknown Area Type,36.04,RT0201010300342126,,RT0201010300597457,,RT0201020300144986,20.46,36.04,1.0,Al Suolo,20101.0,unita' volumetrica,8.0,8.0,2.0,3.0,1.0,,,,,,,,,,,,,,,,,,,,,,,,,,,,,,,"[(1625112.99, 4754181.93), (1625099.5, 4754187.34), (1625103.54, 4754197.41), (1625117.18, 4754191.94), (1625112.99, 4754181.93)]"
450,,Unknown Area Type,35.17,RT0201010300342122,,RT0201010300597461,,RT0201020300144499,26.21,35.17,1.0,Al Suolo,20101.0,unita' volumetrica,8.0,8.0,2.0,3.0,1.0,,,,,,,,,,,,,,,,,,,,,,,,,,,,,,,"[(1625502.15, 4754181.38), (1625544.25, 4754200.58), (1625547.83, 4754192.73), (1625550.33, 4754187.56), (1625524.57, 4754174.52), (1625525.58, 4754172.57), (1625509.8, 4754165.35), (1625502.15, 4754181.38)]"
458,,Unknown Area Type,37.7,RT0201010300341927,,RT0201010300596929,,RT0201020300144240,21.55,37.7,1.0,Al Suolo,20101.0,unita' volumetrica,8.0,8.0,2.0,3.0,1.0,,,,,,,,,,,,,,,,,,,,,,,,,,,,,,,"[(1624892.7, 4754254.02), (1624915.54, 4754309.15), (1624983.56, 4754283.15), (1624993.52, 4754279.34), (1624969.65, 4754221.75), (1624892.7, 4754254.02)]"
471,,Unknown Area Type,37.8,RT0201010300342090,,RT0201010300597316,,RT0201020300144744,22.8,37.8,1.0,Al Suolo,20101.0,unita' volumetrica,8.0,8.0,2.0,3.0,1.0,,,,,,,,,,,,,,,,,,,,,,,,,,,,,,,"[(1625300.37, 4754218.18), (1625319.48, 4754210.78), (1625314.07, 4754196.67), (1625294.94, 4754204.0), (1625300.37, 4754218.18)]"
486,,Unknown Area Type,33.63,RT0201010300341292,,RT0201010300595998,,RT0201020300144879,21.95,33.63,1.0,Al Suolo,20101.0,unita' volumetrica,8.0,8.0,2.0,3.0,1.0,,,,,,,,,,,,,,,,,,,,,,,,,,,,,,,"[(1625450.68, 4754610.37), (1625469.66, 4754606.66), (1625468.64, 4754601.4), (1625464.68, 4754602.17), (1625463.09, 4754594.04), (1625455.13, 4754595.59), (1625455.59, 4754597.92), (1625451.08, 4754598.8), (1625452.22, 4754604.65), (1625449.67, 4754605.14), (1625450.68, 4754610.37)]"
490,,Unknown Area Type,33.46,RT0201010300341337,,RT0201010300597636,,RT0201020300144862,17.07,33.46,1.0,Al Suolo,20101.0,unita' volumetrica,8.0,8.0,2.0,3.0,1.0,,,,,,,,,,,,,,,,,,,,,,,,,,,,,,,"[(1625039.68, 4754517.89), (1625069.84, 4754592.27), (1625082.32, 4754587.22), (1625103.94, 4754578.45), (1625090.12, 4754544.37), (1625080.05, 4754522.17), (1625072.86, 4754504.43), (1625039.68, 4754517.89)]"
491,,Unknown Area Type,35.51,RT0201010300341322,,RT0201010300597644,RT0201060300071289,,31.57,35.51,1.0,Al Suolo,20101.0,unita' volumetrica,,,,,,12.0,1.0,1.0,,,,,,,,,,,,,,,,,,,,,,,,,,,,"[(1625830.15, 4754593.74), (1625841.06, 4754595.67), (1625854.12, 4754521.82), (1625855.9, 4754511.75), (1625844.99, 4754509.82), (1625843.81, 4754516.49), (1625830.15, 4754593.74)]"
492,,Unknown Area Type,35.47,RT0201010300342370,,RT0201010300596035,,RT0201020300143459,16.07,35.47,1.0,Al Suolo,20101.0,unita' volumetrica,1.0,1.0,2.0,3.0,1.0,,,,,,,,,,,,,,,,,,,,,,,,,,,,,,,"[(1624789.05, 4754076.22), (1624793.32, 4754087.07), (1624826.23, 4754074.05), (1624832.74, 4754071.68), (1624828.07, 4754060.88), (1624789.05, 4754076.22)]"
493,,Unknown Area Type,37.88,RT0201010300342227,,RT0201010300598440,,RT0201020300144434,18.57,37.88,1.0,Al Suolo,20101.0,unita' volumetrica,1.0,306.0,2.0,3.0,1.0,,,,,,,,,,,,,,,,,,,,,,,,,,,,,,,"[(1624919.66, 4754125.0), (1624886.69, 4754137.91), (1624891.7, 4754150.71), (1624924.68, 4754137.8), (1624919.66, 4754125.0)]"
495,,Unknown Area Type,37.96,RT0201010300342228,,RT0201010300598439,,RT0201020300144433,20.42,37.96,1.0,Al Suolo,20101.0,unita' volumetrica,1.0,1.0,2.0,3.0,1.0,,,,,,,,,,,,,,,,,,,,,,,,,,,,,,,"[(1624949.72, 4754113.21), (1624937.53, 4754118.31), (1624950.99, 4754150.52), (1624963.18, 4754145.42), (1624949.72, 4754113.21)]"
502,,Unknown Area Type,32.51,RT0201010300342144,,RT0201010300598468,,RT0201020300144455,22.29,32.51,1.0,Al Suolo,20101.0,unita' volumetrica,1.0,1.0,2.0,3.0,1.0,,,,,,,,,,,,,,,,,,,,,,,,,,,,,,,"[(1625383.18, 4754182.12), (1625404.32, 4754191.58), (1625410.45, 4754177.88), (1625389.38, 4754168.44), (1625383.18, 4754182.12)]"
505,,Unknown Area Type,35.51,RT0201010300341153,,RT0201010300596069,RT0201060300072359,,31.6,35.51,1.0,Al Suolo,20101.0,unita' volumetrica,,,,,,12.0,1.0,1.0,,,,,,,,,,,,,,,,,,,,,,,,,,,,"[(1625822.11, 4754602.16), (1625810.15, 4754600.04), (1625798.36, 4754667.4), (1625810.32, 4754669.5), (1625822.11, 4754602.16)]"
506,,Unknown Area Type,32.79,RT0201010300342353,,RT0201010300596051,,RT0201020300144986,12.54,32.79,1.0,Al Suolo,20101.0,unita' volumetrica,8.0,8.0,2.0,3.0,1.0,,,,,,,,,,,,,,,,,,,,,,,,,,,,,,,"[(1625076.88, 4754091.9), (1625100.56, 4754081.52), (1625105.15, 4754089.96), (1625130.17, 4754080.14), (1625121.14, 4754057.63), (1625102.03, 4754009.98), (1625089.15, 4754015.14), (1625078.29, 4754019.5), (1625068.41, 4754023.46), (1625056.01, 4754028.44), (1625040.92, 4754034.49), (1625065.74, 4754096.36), (1625076.88, 4754091.9)]"
509,,Unknown Area Type,32.98,RT0201010300341987,,RT0201010300598509,,RT0201020300144511,15.45,32.98,1.0,Al Suolo,20101.0,unita' volumetrica,1.0,1.0,2.0,3.0,1.0,,,,,,,,,,,,,,,,,,,,,,,,,,,,,,,"[(1625012.15, 4754204.21), (1625039.76, 4754273.37), (1625053.95, 4754268.48), (1625034.31, 4754220.11), (1625027.41, 4754203.12), (1625032.74, 4754193.41), (1625039.47, 4754191.26), (1625027.93, 4754162.24), (1625021.0, 4754164.81), (1625009.08, 4754160.7), (1624988.76, 4754112.64), (1624977.5, 4754117.34), (1624985.96, 4754138.63), (1624999.73, 4754173.28), (1625006.04, 4754170.77), (1625018.6, 4754175.76), (1625022.9, 4754187.7), (1625016.93, 4754198.86), (1625010.72, 4754200.65), (1625012.15, 4754204.21)]"
510,,Unknown Area Type,40.58,RT0201010300341985,,RT0201010300598511,,RT0201020300144986,22.8,40.58,1.0,Al Suolo,20101.0,unita' volumetrica,8.0,8.0,2.0,3.0,1.0,,,,,,,,,,,,,,,,,,,,,,,,,,,,,,,"[(1625266.03, 4754265.86), (1625277.56, 4754261.24), (1625279.43, 4754260.49), (1625277.31, 4754255.21), (1625273.65, 4754246.07), (1625264.41, 4754223.03), (1625279.5, 4754216.98), (1625269.57, 4754192.21), (1625253.69, 4754198.58), (1625223.56, 4754123.43), (1625212.99, 4754127.67), (1625201.77, 4754132.17), (1625187.2, 4754095.86), (1625177.75, 4754099.65), (1625212.55, 4754189.95), (1625246.18, 4754273.82), (1625256.67, 4754269.61), (1625266.03, 4754265.86)]"
514,,Unknown Area Type,31.66,RT0201010300342037,,RT0201010300598488,,RT0201020300144986,16.06,31.66,1.0,Al Suolo,20101.0,unita' volumetrica,8.0,8.0,2.0,3.0,1.0,,,,,,,,,,,,,,,,,,,,,,,,,,,,,,,"[(1625132.88, 4754231.09), (1625137.45, 4754242.5), (1625165.14, 4754231.4), (1625160.7, 4754220.57), (1625132.88, 4754231.09)]"
522,,Unknown Area Type,38.38,RT0201010300341309,,RT0201010300597652,RT0201060300071292,,26.29,38.38,1.0,Al Suolo,20101.0,unita' volumetrica,,,,,,12.0,1.0,1.0,,,,,,,,,,,,,,,,,,,,,,,,,,,,"[(1625468.64, 4754601.4), (1625464.81, 4754581.81), (1625450.87, 4754584.53), (1625448.83, 4754574.04), (1625438.33, 4754575.94), (1625440.96, 4754590.52), (1625449.59, 4754588.96), (1625451.08, 4754598.8), (1625455.59, 4754597.92), (1625455.13, 4754595.59), (1625463.09, 4754594.04), (1625464.68, 4754602.17), (1625468.64, 4754601.4)]"
530,,Unknown Area Type,30.19,RT0201010300341046,,RT0201010300596201,,RT0201020300143769,19.22,30.19,1.0,Al Suolo,20101.0,unita' volumetrica,8.0,8.0,2.0,3.0,1.0,,,,,,,,,,,,,,,,,,,,,,,,,,,,,,,"[(1625535.03, 4754692.58), (1625515.84, 4754694.88), (1625517.7, 4754710.35), (1625536.88, 4754708.06), (1625535.03, 4754692.58)]"
536,,Unknown Area Type,46.27,RT0201010300339996,,RT0201010300599370,RT0201060300071492,,39.69,46.27,1.0,Al Suolo,20101.0,unita' volumetrica,,,,,,12.0,1.0,1.0,,,,,,,,,,,,,,,,,,,,,,,,,,,,"[(1625948.54, 4755188.58), (1625944.03, 4755211.82), (1626037.66, 4755230.02), (1626038.8, 4755224.16), (1626040.02, 4755217.89), (1626040.7, 4755214.42), (1626025.14, 4755211.39), (1626026.62, 4755203.76), (1625958.08, 4755190.43), (1625948.54, 4755188.58)]"
539,,Unknown Area Type,37.84,RT0201010300339983,,RT0201010300599380,RT0201060300071496,,32.33,37.84,1.0,Al Suolo,20101.0,unita' volumetrica,,,,,,12.0,1.0,1.0,,,,,,,,,,,,,,,,,,,,,,,,,,,,"[(1626088.36, 4755223.53), (1626087.96, 4755226.13), (1626086.36, 4755236.4), (1626094.41, 4755237.65), (1626096.41, 4755224.77), (1626092.63, 4755224.19), (1626088.36, 4755223.53)]"
551,,Unknown Area Type,31.11,RT0201010300340525,,RT0201010300599090,RT0201060300072559,,18.35,31.11,1.0,Al Suolo,20101.0,unita' volumetrica,,,,,,12.0,1.0,1.0,,,,,,,,,,,,,,,,,,,,,,,,,,,,"[(1625547.64, 4754967.98), (1625537.15, 4754971.31), (1625542.36, 4754987.79), (1625552.86, 4754984.46), (1625547.64, 4754967.98)]"
564,,Unknown Area Type,44.98,RT0201010300339439,,RT0201010300599808,,RT0201020300145595,39.59,44.98,1.0,Al Suolo,20101.0,unita' volumetrica,8.0,8.0,2.0,3.0,1.0,,,,,,,,,,,,,,,,,,,,,,,,,,,,,,,"[(1625969.46, 4755527.07), (1625978.74, 4755534.03), (1625997.08, 4755509.54), (1625991.05, 4755504.58), (1626008.27, 4755482.26), (1626018.12, 4755489.48), (1626021.05, 4755485.57), (1626017.4, 4755482.83), (1626039.23, 4755453.68), (1626029.75, 4755446.58), (1625969.46, 4755527.07)]"
565,,Unknown Area Type,36.03,RT0201010300340394,,RT0201010300599185,RT0201060300072624,,31.09,36.03,1.0,Al Suolo,20101.0,unita' volumetrica,,,,,,12.0,1.0,1.0,,,,,,,,,,,,,,,,,,,,,,,,,,,,"[(1625719.12, 4755036.82), (1625718.67, 4755039.64), (1625709.35, 4755038.14), (1625708.42, 4755043.88), (1625707.52, 4755049.48), (1625723.86, 4755052.11), (1625724.74, 4755046.6), (1625726.14, 4755037.95), (1625719.12, 4755036.82)]"
567,,Unknown Area Type,30.23,RT0201010300339420,,RT0201010300599822,,RT0201020300145595,24.84,30.23,1.0,Al Suolo,20101.0,unita' volumetrica,8.0,8.0,2.0,3.0,1.0,,,,,,,,,,,,,,,,,,,,,,,,,,,,,,,"[(1625957.72, 4755528.32), (1625975.36, 4755541.45), (1625980.54, 4755545.3), (1625983.11, 4755541.85), (1625960.3, 4755524.86), (1625957.72, 4755528.32)]"
569,,Unknown Area Type,38.29,RT0201010300339428,,RT0201010300599818,,RT0201020300145595,32.9,38.29,1.0,Al Suolo,20101.0,unita' volumetrica,8.0,8.0,2.0,3.0,1.0,,,,,,,,,,,,,,,,,,,,,,,,,,,,,,,"[(1625983.11, 4755541.85), (1626008.74, 4755507.42), (1626011.84, 4755509.72), (1626028.06, 4755487.93), (1626025.36, 4755485.92), (1626049.81, 4755453.08), (1626025.24, 4755434.79), (1626021.93, 4755439.24), (1626015.48, 4755447.91), (1626002.36, 4755438.14), (1625961.54, 4755492.97), (1625976.25, 4755504.12), (1625968.36, 4755514.03), (1625960.3, 4755524.86), (1625983.11, 4755541.85), (1626018.12, 4755489.48), (1626006.23, 4755505.36), (1626002.37, 4755502.47), (1625997.08, 4755509.54), (1625978.74, 4755534.03), (1625969.46, 4755527.07), (1626029.75, 4755446.58), (1626039.23, 4755453.68), (1626017.4, 4755482.83), (1626021.05, 4755485.57), (1626018.12, 4755489.48)]"
573,,Unknown Area Type,30.85,RT0201010300340374,,RT0201010300599203,RT0201060300072638,,18.46,30.85,1.0,Al Suolo,20101.0,unita' volumetrica,,,,,,12.0,1.0,1.0,,,,,,,,,,,,,,,,,,,,,,,,,,,,"[(1625563.3, 4755053.43), (1625559.66, 4755054.98), (1625557.0, 4755056.11), (1625560.06, 4755063.28), (1625566.36, 4755060.59), (1625565.05, 4755057.52), (1625563.3, 4755053.43)]"
584,,Unknown Area Type,30.72,RT0201010300341024,,RT0201010300596208,,RT0201020300143773,12.55,30.72,1.0,Al Suolo,20101.0,unita' volumetrica,8.0,8.0,2.0,3.0,1.0,,,,,,,,,,,,,,,,,,,,,,,,,,,,,,,"[(1625183.24, 4754610.94), (1625226.45, 4754717.87), (1625247.44, 4754709.39), (1625204.22, 4754602.45), (1625183.24, 4754610.94)]"
586,,Unknown Area Type,31.31,RT0201010300342190,,RT0201010300596261,,RT0201020300145078,10.55,31.31,1.0,Al Suolo,20101.0,unita' volumetrica,1.0,1.0,2.0,3.0,1.0,,,,,,,,,,,,,,,,,,,,,,,,,,,,,,,"[(1624863.65, 4754148.04), (1624841.33, 4754156.8), (1624845.49, 4754167.39), (1624867.8, 4754158.64), (1624863.65, 4754148.04)]"
591,,Unknown Area Type,35.03,RT0201010300341701,,RT0201010300596282,,RT0201020300144780,18.46,35.03,1.0,Al Suolo,20101.0,unita' volumetrica,8.0,8.0,2.0,3.0,1.0,,,,,,,,,,,,,,,,,,,,,,,,,,,,,,,"[(1624741.09, 4754315.37), (1624795.5, 4754447.91), (1624820.62, 4754437.6), (1624788.96, 4754360.48), (1624766.2, 4754305.03), (1624759.76, 4754307.68), (1624741.09, 4754315.37)]"
592,,Unknown Area Type,34.81,RT0201010300341703,,RT0201010300596281,,RT0201020300144986,17.03,34.81,1.0,Al Suolo,20101.0,unita' volumetrica,8.0,8.0,2.0,3.0,1.0,,,,,,,,,,,,,,,,,,,,,,,,,,,,,,,"[(1625220.36, 4754447.12), (1625270.74, 4754426.73), (1625266.04, 4754415.01), (1625278.53, 4754410.0), (1625265.93, 4754378.58), (1625272.52, 4754375.94), (1625255.86, 4754334.39), (1625213.72, 4754351.48), (1625175.51, 4754257.25), (1625148.56, 4754268.06), (1625220.36, 4754447.12)]"
594,,Unknown Area Type,38.41,RT0201010300339908,,RT0201010300599441,RT0201060300071504,,32.61,38.41,1.0,Al Suolo,20101.0,unita' volumetrica,,,,,,12.0,1.0,1.0,,,,,,,,,,,,,,,,,,,,,,,,,,,,"[(1626242.54, 4755255.84), (1626235.61, 4755258.49), (1626240.54, 4755268.71), (1626243.06, 4755267.5), (1626244.39, 4755266.85), (1626244.58, 4755259.6), (1626242.54, 4755255.84)]"
613,,Unknown Area Type,43.15,RT0201010300341848,,RT0201010300598569,,RT0201020300144986,25.36,43.15,1.0,Al Suolo,20101.0,unita' volumetrica,8.0,8.0,2.0,3.0,1.0,,,,,,,,,,,,,,,,,,,,,,,,,,,,,,,"[(1625175.51, 4754257.25), (1625213.72, 4754351.48), (1625255.86, 4754334.39), (1625199.96, 4754195.0), (1625165.32, 4754104.63), (1625151.99, 4754071.39), (1625137.96, 4754077.02), (1625130.17, 4754080.14), (1625105.15, 4754089.96), (1625100.56, 4754081.52), (1625076.88, 4754091.9), (1625112.99, 4754181.93), (1625117.18, 4754191.94), (1625132.88, 4754231.09), (1625160.7, 4754220.57), (1625165.14, 4754231.4), (1625168.72, 4754240.34), (1625171.77, 4754247.93), (1625175.51, 4754257.25)]"
623,,Unknown Area Type,38.8,RT0201010300339246,,RT0201010300599916,,RT0201020300145636,32.08,38.8,1.0,Al Suolo,20101.0,unita' volumetrica,8.0,8.0,2.0,3.0,1.0,,,,,,,,,,,,,,,,,,,,,,,,,,,,,,,"[(1626044.43, 4755664.46), (1626033.17, 4755662.42), (1626031.36, 4755672.4), (1626042.67, 4755674.45), (1626044.43, 4755664.46)]"
624,,Unknown Area Type,33.34,RT0201010300339241,,RT0201010300599918,,RT0201020300145636,26.62,33.34,1.0,Al Suolo,20101.0,unita' volumetrica,8.0,8.0,2.0,3.0,1.0,,,,,,,,,,,,,,,,,,,,,,,,,,,,,,,"[(1626042.67, 4755674.45), (1626054.06, 4755676.51), (1626055.87, 4755666.53), (1626044.43, 4755664.46), (1626042.67, 4755674.45)]"
648,,Unknown Area Type,49.37,RT0201010300338994,,RT0201010300600031,,RT0201020300143811,10.83,49.37,1.0,Al Suolo,20101.0,unita' volumetrica,1.0,-900091.0,2.0,2.0,1.0,,,,,,,,,,,,,,,,,,,,,,,,,,,,,,,"[(1625832.76, 4755887.78), (1625822.85, 4755889.39), (1625823.18, 4755891.43), (1625807.98, 4755893.9), (1625809.17, 4755901.26), (1625807.91, 4755901.46), (1625808.8, 4755907.0), (1625837.01, 4755902.42), (1625836.22, 4755897.53), (1625834.39, 4755897.83), (1625832.76, 4755887.78)]"
658,,Unknown Area Type,37.7,RT0201010300341927,,RT0201010300596929,,RT0201020300144240,21.55,37.7,1.0,Al Suolo,20101.0,unita' volumetrica,8.0,8.0,2.0,3.0,1.0,,,,,,,,,,,,,,,,,,,,,,,,,,,,,,,"[(1624892.7, 4754254.02), (1624915.54, 4754309.15), (1624983.56, 4754283.15), (1624993.52, 4754279.34), (1624969.65, 4754221.75), (1624892.7, 4754254.02)]"
676,,Unknown Area Type,37.8,RT0201010300342090,,RT0201010300597316,,RT0201020300144744,22.8,37.8,1.0,Al Suolo,20101.0,unita' volumetrica,8.0,8.0,2.0,3.0,1.0,,,,,,,,,,,,,,,,,,,,,,,,,,,,,,,"[(1625300.37, 4754218.18), (1625319.48, 4754210.78), (1625314.07, 4754196.67), (1625294.94, 4754204.0), (1625300.37, 4754218.18)]"
679,,Unknown Area Type,61.63,RT0201010300342130,,RT0201010300597454,,RT0201020300144986,43.85,61.63,1.0,Al Suolo,20101.0,unita' volumetrica,8.0,8.0,2.0,3.0,1.0,,,,,,,,,,,,,,,,,,,,,,,,,,,,,,,"[(1625199.96, 4754195.0), (1625212.55, 4754189.95), (1625177.75, 4754099.65), (1625165.32, 4754104.63), (1625199.96, 4754195.0)]"
680,,Unknown Area Type,36.04,RT0201010300342126,,RT0201010300597457,,RT0201020300144986,20.46,36.04,1.0,Al Suolo,20101.0,unita' volumetrica,8.0,8.0,2.0,3.0,1.0,,,,,,,,,,,,,,,,,,,,,,,,,,,,,,,"[(1625112.99, 4754181.93), (1625099.5, 4754187.34), (1625103.54, 4754197.41), (1625117.18, 4754191.94), (1625112.99, 4754181.93)]"
682,,Unknown Area Type,47.71,RT0201010300342131,,RT0201010300597453,,RT0201020300144499,38.75,47.71,1.0,Al Suolo,20101.0,unita' volumetrica,8.0,8.0,2.0,3.0,1.0,,,,,,,,,,,,,,,,,,,,,,,,,,,,,,,"[(1625547.83, 4754192.73), (1625552.51, 4754194.86), (1625555.6, 4754188.08), (1625556.86, 4754185.4), (1625552.39, 4754183.05), (1625560.21, 4754167.9), (1625534.44, 4754155.4), (1625525.58, 4754172.57), (1625524.57, 4754174.52), (1625550.33, 4754187.56), (1625547.83, 4754192.73)]"
683,,Unknown Area Type,35.17,RT0201010300342122,,RT0201010300597461,,RT0201020300144499,26.21,35.17,1.0,Al Suolo,20101.0,unita' volumetrica,8.0,8.0,2.0,3.0,1.0,,,,,,,,,,,,,,,,,,,,,,,,,,,,,,,"[(1625502.15, 4754181.38), (1625544.25, 4754200.58), (1625547.83, 4754192.73), (1625550.33, 4754187.56), (1625524.57, 4754174.52), (1625525.58, 4754172.57), (1625509.8, 4754165.35), (1625502.15, 4754181.38)]"
686,,Unknown Area Type,58.81,RT0201010300341839,,RT0201010300598578,,RT0201020300144986,41.03,58.81,1.0,Al Suolo,20101.0,unita' volumetrica,8.0,8.0,2.0,3.0,1.0,,,,,,,,,,,,,,,,,,,,,,,,,,,,,,,"[(1625088.64, 4754299.28), (1625111.44, 4754359.19), (1625146.18, 4754345.98), (1625115.19, 4754268.69), (1625112.26, 4754261.39), (1625100.69, 4754232.55), (1625067.26, 4754245.96), (1625088.64, 4754299.28)]"
690,,Unknown Area Type,37.43,RT0201010300341801,,RT0201010300598609,,RT0201020300144744,22.43,37.43,1.0,Al Suolo,20101.0,unita' volumetrica,8.0,8.0,2.0,3.0,1.0,,,,,,,,,,,,,,,,,,,,,,,,,,,,,,,"[(1625332.18, 4754317.3), (1625358.94, 4754387.14), (1625384.66, 4754377.28), (1625357.88, 4754307.37), (1625332.18, 4754317.3)]"
694,,Unknown Area Type,32.45,RT0201010300341766,,RT0201010300598637,,RT0201020300143702,16.05,32.45,1.0,Al Suolo,20101.0,unita' volumetrica,8.0,8.0,2.0,3.0,1.0,,,,,,,,,,,,,,,,,,,,,,,,,,,,,,,"[(1624989.6, 4754344.67), (1624975.05, 4754350.63), (1624998.77, 4754408.46), (1625013.32, 4754402.49), (1624989.6, 4754344.67)]"
701,,Unknown Area Type,33.35,RT0201010300339726,,RT0201010300599555,RT0201060300072025,,27.94,33.35,1.0,Al Suolo,20101.0,unita' volumetrica,,,,,,12.0,1.0,1.0,,,,,,,,,,,,,,,,,,,,,,,,,,,,"[(1626121.2, 4755316.7), (1626119.38, 4755326.41), (1626116.31, 4755342.83), (1626126.85, 4755344.81), (1626128.45, 4755336.27), (1626129.91, 4755328.48), (1626126.74, 4755327.89), (1626128.58, 4755318.08), (1626121.2, 4755316.7)]"
706,,Unknown Area Type,32.28,RT0201010300341620,,RT0201010300598700,,RT0201020300144808,15.88,32.28,1.0,Al Suolo,20101.0,unita' volumetrica,8.0,8.0,2.0,3.0,1.0,,,,,,,,,,,,,,,,,,,,,,,,,,,,,,,"[(1625063.13, 4754486.25), (1625081.44, 4754478.82), (1625085.25, 4754477.28), (1625089.83, 4754475.42), (1625099.35, 4754471.56), (1625083.39, 4754432.22), (1625047.04, 4754446.58), (1625063.13, 4754486.25)]"
711,,Unknown Area Type,42.01,,,,RT0201060300072872,,,,,,,,,,,,,1.0,2.0,1.0,,,,,,RT0201030300118146,,,In Costruzione,20106.0,edificio minore,,,,,,,,,,,,,,,,,"[(1625799.63, 4755918.63), (1625800.52, 4755923.8), (1625837.2, 4755917.44), (1625836.3, 4755912.28), (1625799.63, 4755918.63)]"
723,,Unknown Area Type,31.11,RT0201010300340525,,RT0201010300599090,RT0201060300072559,,18.35,31.11,1.0,Al Suolo,20101.0,unita' volumetrica,,,,,,12.0,1.0,1.0,,,,,,,,,,,,,,,,,,,,,,,,,,,,"[(1625547.64, 4754967.98), (1625537.15, 4754971.31), (1625542.36, 4754987.79), (1625552.86, 4754984.46), (1625547.64, 4754967.98)]"
734,,Unknown Area Type,30.23,RT0201010300339420,,RT0201010300599822,,RT0201020300145595,24.84,30.23,1.0,Al Suolo,20101.0,unita' volumetrica,8.0,8.0,2.0,3.0,1.0,,,,,,,,,,,,,,,,,,,,,,,,,,,,,,,"[(1625957.72, 4755528.32), (1625975.36, 4755541.45), (1625980.54, 4755545.3), (1625983.11, 4755541.85), (1625960.3, 4755524.86), (1625957.72, 4755528.32)]"
736,,Unknown Area Type,44.98,RT0201010300339439,,RT0201010300599808,,RT0201020300145595,39.59,44.98,1.0,Al Suolo,20101.0,unita' volumetrica,8.0,8.0,2.0,3.0,1.0,,,,,,,,,,,,,,,,,,,,,,,,,,,,,,,"[(1625969.46, 4755527.07), (1625978.74, 4755534.03), (1625997.08, 4755509.54), (1625991.05, 4755504.58), (1626008.27, 4755482.26), (1626018.12, 4755489.48), (1626021.05, 4755485.57), (1626017.4, 4755482.83), (1626039.23, 4755453.68), (1626029.75, 4755446.58), (1625969.46, 4755527.07)]"
739,,Unknown Area Type,36.03,RT0201010300340394,,RT0201010300599185,RT0201060300072624,,31.09,36.03,1.0,Al Suolo,20101.0,unita' volumetrica,,,,,,12.0,1.0,1.0,,,,,,,,,,,,,,,,,,,,,,,,,,,,"[(1625719.12, 4755036.82), (1625718.67, 4755039.64), (1625709.35, 4755038.14), (1625708.42, 4755043.88), (1625707.52, 4755049.48), (1625723.86, 4755052.11), (1625724.74, 4755046.6), (1625726.14, 4755037.95), (1625719.12, 4755036.82)]"
740,,Unknown Area Type,38.29,RT0201010300339428,,RT0201010300599818,,RT0201020300145595,32.9,38.29,1.0,Al Suolo,20101.0,unita' volumetrica,8.0,8.0,2.0,3.0,1.0,,,,,,,,,,,,,,,,,,,,,,,,,,,,,,,"[(1625983.11, 4755541.85), (1626008.74, 4755507.42), (1626011.84, 4755509.72), (1626028.06, 4755487.93), (1626025.36, 4755485.92), (1626049.81, 4755453.08), (1626025.24, 4755434.79), (1626021.93, 4755439.24), (1626015.48, 4755447.91), (1626002.36, 4755438.14), (1625961.54, 4755492.97), (1625976.25, 4755504.12), (1625968.36, 4755514.03), (1625960.3, 4755524.86), (1625983.11, 4755541.85), (1626018.12, 4755489.48), (1626006.23, 4755505.36), (1626002.37, 4755502.47), (1625997.08, 4755509.54), (1625978.74, 4755534.03), (1625969.46, 4755527.07), (1626029.75, 4755446.58), (1626039.23, 4755453.68), (1626017.4, 4755482.83), (1626021.05, 4755485.57), (1626018.12, 4755489.48)]"
742,,Unknown Area Type,30.85,RT0201010300340374,,RT0201010300599203,RT0201060300072638,,18.46,30.85,1.0,Al Suolo,20101.0,unita' volumetrica,,,,,,12.0,1.0,1.0,,,,,,,,,,,,,,,,,,,,,,,,,,,,"[(1625563.3, 4755053.43), (1625559.66, 4755054.98), (1625557.0, 4755056.11), (1625560.06, 4755063.28), (1625566.36, 4755060.59), (1625565.05, 4755057.52), (1625563.3, 4755053.43)]"
755,,Unknown Area Type,32.28,RT0201010300341620,,RT0201010300598700,,RT0201020300144808,15.88,32.28,1.0,Al Suolo,20101.0,unita' volumetrica,8.0,8.0,2.0,3.0,1.0,,,,,,,,,,,,,,,,,,,,,,,,,,,,,,,"[(1625063.13, 4754486.25), (1625081.44, 4754478.82), (1625085.25, 4754477.28), (1625089.83, 4754475.42), (1625099.35, 4754471.56), (1625083.39, 4754432.22), (1625047.04, 4754446.58), (1625063.13, 4754486.25)]"
760,,Unknown Area Type,42.01,RT0201010300338977,,RT0201010300597964,RT0201060300072872,,3.48,42.01,1.0,Al Suolo,20101.0,unita' volumetrica,,,,,,1.0,2.0,1.0,,,,,,,,,,,,,,,,,,,,,,,,,,,,"[(1625799.63, 4755918.63), (1625800.52, 4755923.8), (1625837.2, 4755917.44), (1625836.3, 4755912.28), (1625799.63, 4755918.63)]"
769,,Unknown Area Type,58.81,RT0201010300341839,,RT0201010300598578,,RT0201020300144986,41.03,58.81,1.0,Al Suolo,20101.0,unita' volumetrica,8.0,8.0,2.0,3.0,1.0,,,,,,,,,,,,,,,,,,,,,,,,,,,,,,,"[(1625088.64, 4754299.28), (1625111.44, 4754359.19), (1625146.18, 4754345.98), (1625115.19, 4754268.69), (1625112.26, 4754261.39), (1625100.69, 4754232.55), (1625067.26, 4754245.96), (1625088.64, 4754299.28)]"
771,,Unknown Area Type,37.43,RT0201010300341801,,RT0201010300598609,,RT0201020300144744,22.43,37.43,1.0,Al Suolo,20101.0,unita' volumetrica,8.0,8.0,2.0,3.0,1.0,,,,,,,,,,,,,,,,,,,,,,,,,,,,,,,"[(1625332.18, 4754317.3), (1625358.94, 4754387.14), (1625384.66, 4754377.28), (1625357.88, 4754307.37), (1625332.18, 4754317.3)]"
775,,Unknown Area Type,32.45,RT0201010300341766,,RT0201010300598637,,RT0201020300143702,16.05,32.45,1.0,Al Suolo,20101.0,unita' volumetrica,8.0,8.0,2.0,3.0,1.0,,,,,,,,,,,,,,,,,,,,,,,,,,,,,,,"[(1624989.6, 4754344.67), (1624975.05, 4754350.63), (1624998.77, 4754408.46), (1625013.32, 4754402.49), (1624989.6, 4754344.67)]"
782,,Unknown Area Type,33.35,RT0201010300339726,,RT0201010300599555,RT0201060300072025,,27.94,33.35,1.0,Al Suolo,20101.0,unita' volumetrica,,,,,,12.0,1.0,1.0,,,,,,,,,,,,,,,,,,,,,,,,,,,,"[(1626121.2, 4755316.7), (1626119.38, 4755326.41), (1626116.31, 4755342.83), (1626126.85, 4755344.81), (1626128.45, 4755336.27), (1626129.91, 4755328.48), (1626126.74, 4755327.89), (1626128.58, 4755318.08), (1626121.2, 4755316.7)]"
808,,Unknown Area Type,40.19,RT0201010300340938,,RT0201010300596631,,RT0201020300144986,22.41,40.19,1.0,Al Suolo,20101.0,unita' volumetrica,8.0,8.0,2.0,3.0,1.0,,,,,,,,,,,,,,,,,,,,,,,,,,,,,,,"[(1625306.66, 4754690.74), (1625335.67, 4754763.08), (1625370.33, 4754749.17), (1625341.21, 4754677.09), (1625306.66, 4754690.74)]"
816,,Unknown Area Type,44.44,RT0201010300342213,,RT0201010300595927,,RT0201020300144499,35.61,44.44,1.0,Al Suolo,20101.0,unita' volumetrica,8.0,8.0,2.0,3.0,1.0,,,,,,,,,,,,,,,,,,,,,,,,,,,,,,,"[(1625590.81, 4754138.78), (1625584.63, 4754151.43), (1625597.35, 4754157.65), (1625603.54, 4754145.0), (1625590.81, 4754138.78)]"
824,,Unknown Area Type,39.63,RT0201010300342597,,RT0201010300595905,,RT0201020300144499,30.1,39.63,1.0,Al Suolo,20101.0,unita' volumetrica,8.0,8.0,2.0,3.0,1.0,,,,,,,,,,,,,,,,,,,,,,,,,,,,,,,"[(1625265.19, 4753910.89), (1625350.28, 4753952.45), (1625359.55, 4753933.44), (1625275.25, 4753891.95), (1625265.19, 4753910.89)]"
829,,Unknown Area Type,33.7,RT0201010300342337,,RT0201010300598358,RT0201060300071045,,19.5,33.7,1.0,Al Suolo,20101.0,unita' volumetrica,,,,,,12.0,1.0,1.0,,,,,,,,,,,,,,,,,,,,,,,,,,,,"[(1625165.32, 4754104.63), (1625177.75, 4754099.65), (1625187.2, 4754095.86), (1625192.3, 4754093.43), (1625187.7, 4754082.59), (1625180.93, 4754085.46), (1625181.95, 4754087.87), (1625175.27, 4754090.71), (1625163.82, 4754063.76), (1625150.76, 4754068.51), (1625151.99, 4754071.39), (1625165.32, 4754104.63)]"
834,,Unknown Area Type,37.74,RT0201010300341633,,RT0201010300597497,,RT0201020300144986,19.96,37.74,1.0,Al Suolo,20101.0,unita' volumetrica,8.0,8.0,2.0,3.0,1.0,,,,,,,,,,,,,,,,,,,,,,,,,,,,,,,"[(1625129.05, 4754477.71), (1625158.33, 4754465.53), (1625136.23, 4754410.42), (1625167.06, 4754398.06), (1625146.18, 4754345.98), (1625111.44, 4754359.19), (1625088.64, 4754299.28), (1625061.52, 4754310.14), (1625075.65, 4754345.4), (1625066.8, 4754348.95), (1625119.91, 4754481.38), (1625129.05, 4754477.71)]"
843,,Unknown Area Type,50.56,RT0201010300340295,,RT0201010300599233,RT0201060300072653,,43.34,50.56,1.0,Al Suolo,20101.0,unita' volumetrica,,,,,,12.0,1.0,1.0,,,,,,,,,,,,,,,,,,,,,,,,,,,,"[(1625909.94, 4755075.79), (1625909.44, 4755078.91), (1625907.18, 4755093.09), (1625926.95, 4755095.92), (1625928.05, 4755089.08), (1625929.65, 4755079.07), (1625909.94, 4755075.79)]"
844,,Unknown Area Type,33.98,RT0201010300342255,,RT0201010300598422,,RT0201020300144424,17.29,33.98,1.0,Al Suolo,20101.0,unita' volumetrica,8.0,8.0,2.0,3.0,1.0,,,,,,,,,,,,,,,,,,,,,,,,,,,,,,,"[(1625030.2, 4754138.98), (1625056.52, 4754124.69), (1625042.5, 4754098.86), (1625018.81, 4754055.24), (1625006.87, 4754033.26), (1624996.38, 4754013.93), (1624991.04, 4754016.83), (1624970.02, 4754028.15), (1625030.2, 4754138.98)]"
846,,Unknown Area Type,40.44,RT0201010300342272,,RT0201010300598408,RT0201060300071045,,26.24,40.44,1.0,Al Suolo,20101.0,unita' volumetrica,,,,,,12.0,1.0,1.0,,,,,,,,,,,,,,,,,,,,,,,,,,,,"[(1625212.99, 4754127.67), (1625209.93, 4754119.86), (1625204.12, 4754122.54), (1625194.01, 4754097.45), (1625192.3, 4754093.43), (1625187.2, 4754095.86), (1625201.77, 4754132.17), (1625212.99, 4754127.67)]"
848,,Unknown Area Type,30.57,RT0201010300342248,,RT0201010300598425,,RT0201020300144427,9.81,30.57,1.0,Al Suolo,20101.0,unita' volumetrica,1.0,1.0,2.0,3.0,1.0,,,,,,,,,,,,,,,,,,,,,,,,,,,,,,,"[(1624852.89, 4754121.55), (1624842.73, 4754125.67), (1624843.24, 4754126.93), (1624833.04, 4754131.06), (1624832.52, 4754129.79), (1624821.9, 4754134.08), (1624825.72, 4754143.51), (1624856.7, 4754130.97), (1624852.89, 4754121.55)]"
853,,Unknown Area Type,33.63,RT0201010300341292,,RT0201010300595998,,RT0201020300144879,21.95,33.63,1.0,Al Suolo,20101.0,unita' volumetrica,8.0,8.0,2.0,3.0,1.0,,,,,,,,,,,,,,,,,,,,,,,,,,,,,,,"[(1625450.68, 4754610.37), (1625469.66, 4754606.66), (1625468.64, 4754601.4), (1625464.68, 4754602.17), (1625463.09, 4754594.04), (1625455.13, 4754595.59), (1625455.59, 4754597.92), (1625451.08, 4754598.8), (1625452.22, 4754604.65), (1625449.67, 4754605.14), (1625450.68, 4754610.37)]"
880,,Unknown Area Type,40.19,RT0201010300340938,,RT0201010300596631,,RT0201020300144986,22.41,40.19,1.0,Al Suolo,20101.0,unita' volumetrica,8.0,8.0,2.0,3.0,1.0,,,,,,,,,,,,,,,,,,,,,,,,,,,,,,,"[(1625306.66, 4754690.74), (1625335.67, 4754763.08), (1625370.33, 4754749.17), (1625341.21, 4754677.09), (1625306.66, 4754690.74)]"
887,,Unknown Area Type,39.63,RT0201010300342597,,RT0201010300595905,,RT0201020300144499,30.1,39.63,1.0,Al Suolo,20101.0,unita' volumetrica,8.0,8.0,2.0,3.0,1.0,,,,,,,,,,,,,,,,,,,,,,,,,,,,,,,"[(1625265.19, 4753910.89), (1625350.28, 4753952.45), (1625359.55, 4753933.44), (1625275.25, 4753891.95), (1625265.19, 4753910.89)]"
895,,Unknown Area Type,44.44,RT0201010300342213,,RT0201010300595927,,RT0201020300144499,35.61,44.44,1.0,Al Suolo,20101.0,unita' volumetrica,8.0,8.0,2.0,3.0,1.0,,,,,,,,,,,,,,,,,,,,,,,,,,,,,,,"[(1625590.81, 4754138.78), (1625584.63, 4754151.43), (1625597.35, 4754157.65), (1625603.54, 4754145.0), (1625590.81, 4754138.78)]"
903,,Unknown Area Type,33.7,RT0201010300342337,,RT0201010300598358,RT0201060300071045,,19.5,33.7,1.0,Al Suolo,20101.0,unita' volumetrica,,,,,,12.0,1.0,1.0,,,,,,,,,,,,,,,,,,,,,,,,,,,,"[(1625165.32, 4754104.63), (1625177.75, 4754099.65), (1625187.2, 4754095.86), (1625192.3, 4754093.43), (1625187.7, 4754082.59), (1625180.93, 4754085.46), (1625181.95, 4754087.87), (1625175.27, 4754090.71), (1625163.82, 4754063.76), (1625150.76, 4754068.51), (1625151.99, 4754071.39), (1625165.32, 4754104.63)]"
905,,Unknown Area Type,37.74,RT0201010300341633,,RT0201010300597497,,RT0201020300144986,19.96,37.74,1.0,Al Suolo,20101.0,unita' volumetrica,8.0,8.0,2.0,3.0,1.0,,,,,,,,,,,,,,,,,,,,,,,,,,,,,,,"[(1625129.05, 4754477.71), (1625158.33, 4754465.53), (1625136.23, 4754410.42), (1625167.06, 4754398.06), (1625146.18, 4754345.98), (1625111.44, 4754359.19), (1625088.64, 4754299.28), (1625061.52, 4754310.14), (1625075.65, 4754345.4), (1625066.8, 4754348.95), (1625119.91, 4754481.38), (1625129.05, 4754477.71)]"
912,,Unknown Area Type,30.57,RT0201010300342248,,RT0201010300598425,,RT0201020300144427,9.81,30.57,1.0,Al Suolo,20101.0,unita' volumetrica,1.0,1.0,2.0,3.0,1.0,,,,,,,,,,,,,,,,,,,,,,,,,,,,,,,"[(1624852.89, 4754121.55), (1624842.73, 4754125.67), (1624843.24, 4754126.93), (1624833.04, 4754131.06), (1624832.52, 4754129.79), (1624821.9, 4754134.08), (1624825.72, 4754143.51), (1624856.7, 4754130.97), (1624852.89, 4754121.55)]"
915,,Unknown Area Type,40.44,RT0201010300342272,,RT0201010300598408,RT0201060300071045,,26.24,40.44,1.0,Al Suolo,20101.0,unita' volumetrica,,,,,,12.0,1.0,1.0,,,,,,,,,,,,,,,,,,,,,,,,,,,,"[(1625212.99, 4754127.67), (1625209.93, 4754119.86), (1625204.12, 4754122.54), (1625194.01, 4754097.45), (1625192.3, 4754093.43), (1625187.2, 4754095.86), (1625201.77, 4754132.17), (1625212.99, 4754127.67)]"
916,,Unknown Area Type,33.98,RT0201010300342255,,RT0201010300598422,,RT0201020300144424,17.29,33.98,1.0,Al Suolo,20101.0,unita' volumetrica,8.0,8.0,2.0,3.0,1.0,,,,,,,,,,,,,,,,,,,,,,,,,,,,,,,"[(1625030.2, 4754138.98), (1625056.52, 4754124.69), (1625042.5, 4754098.86), (1625018.81, 4754055.24), (1625006.87, 4754033.26), (1624996.38, 4754013.93), (1624991.04, 4754016.83), (1624970.02, 4754028.15), (1625030.2, 4754138.98)]"
917,,Unknown Area Type,50.56,RT0201010300340295,,RT0201010300599233,RT0201060300072653,,43.34,50.56,1.0,Al Suolo,20101.0,unita' volumetrica,,,,,,12.0,1.0,1.0,,,,,,,,,,,,,,,,,,,,,,,,,,,,"[(1625909.94, 4755075.79), (1625909.44, 4755078.91), (1625907.18, 4755093.09), (1625926.95, 4755095.92), (1625928.05, 4755089.08), (1625929.65, 4755079.07), (1625909.94, 4755075.79)]"
931,,Unknown Area Type,32.66,RT0201010300341387,,RT0201010300598786,,RT0201020300144841,20.13,32.66,1.0,Al Suolo,20101.0,unita' volumetrica,8.0,8.0,2.0,3.0,1.0,,,,,,,,,,,,,,,,,,,,,,,,,,,,,,,"[(1625461.65, 4754556.58), (1625451.58, 4754558.01), (1625453.05, 4754568.33), (1625453.58, 4754572.0), (1625463.64, 4754570.56), (1625462.92, 4754565.51), (1625461.65, 4754556.58)]"
975,,Unknown Area Type,30.46,RT0201010300340713,,RT0201010300598994,RT0201060300071785,,17.92,30.46,1.0,Al Suolo,20101.0,unita' volumetrica,,,,,,12.0,1.0,1.0,,,,,,,,,,,,,,,,,,,,,,,,,,,,"[(1625485.91, 4754871.17), (1625480.9, 4754872.29), (1625476.86, 4754873.19), (1625479.59, 4754885.47), (1625484.27, 4754884.43), (1625488.64, 4754883.45), (1625485.91, 4754871.17)]"
978,,Unknown Area Type,30.46,RT0201010300339518,,RT0201010300599742,,RT0201020300143910,25.07,30.46,1.0,Al Suolo,20101.0,unita' volumetrica,8.0,8.0,2.0,3.0,1.0,,,,,,,,,,,,,,,,,,,,,,,,,,,,,,,"[(1626048.32, 4755471.14), (1626062.99, 4755481.42), (1626070.35, 4755471.16), (1626055.79, 4755460.72), (1626048.32, 4755471.14)]"
982,,Unknown Area Type,70.76,RT0201010300339480,,RT0201010300599773,,RT0201020300145595,66.23,70.76,1.0,Al Suolo,20101.0,unita' volumetrica,8.0,8.0,2.0,3.0,1.0,,,,,,,,,,,,,,,,,,,,,,,,,,,,,,,"[(1625997.08, 4755509.54), (1626002.37, 4755502.47), (1626006.23, 4755505.36), (1626018.12, 4755489.48), (1626008.27, 4755482.26), (1625991.05, 4755504.58), (1625997.08, 4755509.54)]"
985,,Unknown Area Type,38.38,RT0201010300340978,,RT0201010300598886,RT0201060300072377,,27.9,38.38,1.0,Al Suolo,20101.0,unita' volumetrica,,,,,,12.0,1.0,1.0,,,,,,,,,,,,,,,,,,,,,,,,,,,,"[(1625440.2, 4754691.15), (1625437.62, 4754691.5), (1625426.77, 4754692.96), (1625428.18, 4754703.48), (1625432.2, 4754702.94), (1625437.08, 4754739.3), (1625443.43, 4754738.45), (1625439.62, 4754710.07), (1625441.85, 4754709.77), (1625453.17, 4754708.25), (1625452.76, 4754705.19), (1625452.36, 4754702.19), (1625448.89, 4754702.66), (1625441.87, 4754703.6), (1625440.2, 4754691.15)]"
992,,Unknown Area Type,47.83,RT0201010300341909,,RT0201010300596566,,RT0201020300144744,32.84,47.83,1.0,Al Suolo,20101.0,unita' volumetrica,8.0,8.0,2.0,3.0,1.0,,,,,,,,,,,,,,,,,,,,,,,,,,,,,,,"[(1625332.18, 4754317.3), (1625357.88, 4754307.37), (1625347.94, 4754281.42), (1625357.95, 4754277.59), (1625339.57, 4754229.62), (1625328.35, 4754233.92), (1625319.48, 4754210.78), (1625300.37, 4754218.18), (1625291.8, 4754221.46), (1625295.3, 4754230.59), (1625289.67, 4754232.75), (1625291.86, 4754238.46), (1625295.5, 4754247.96), (1625297.54, 4754253.29), (1625306.37, 4754249.91), (1625327.87, 4754306.03), (1625332.18, 4754317.3)]"
1022,,Unknown Area Type,30.93,RT0201010300340804,,RT0201010300598955,RT0201060300072505,,16.51,30.93,1.0,Al Suolo,20101.0,unita' volumetrica,,,,,,12.0,1.0,1.0,,,,,,,,,,,,,,,,,,,,,,,,,,,,"[(1625309.23, 4754826.45), (1625313.82, 4754835.82), (1625324.25, 4754831.15), (1625319.9, 4754821.44), (1625309.23, 4754826.45)]"
1026,,Unknown Area Type,37.21,RT0201010300342396,,RT0201010300598328,RT0201060300071045,,23.01,37.21,1.0,Al Suolo,20101.0,unita' volumetrica,,,,,,12.0,1.0,1.0,,,,,,,,,,,,,,,,,,,,,,,,,,,,"[(1625150.76, 4754068.51), (1625163.82, 4754063.76), (1625170.6, 4754060.88), (1625168.14, 4754055.07), (1625160.8, 4754058.19), (1625156.52, 4754048.12), (1625144.3, 4754053.32), (1625150.76, 4754068.51)]"
1035,gpp-test-area,Unknown Area Type,,,,,,,,,,,,,,,,,,,,,,,,,,,,,,,,,,,,,,,,,,,,,,7.586 km,2.427 sq km,"[(1626092.8440975286, 4756026.544592799), (1626804.5352230128, 4755983.984990611), (1626513.7112747252, 4755388.150559972), (1626107.0306315913, 4755035.851630746), (1626225.2517487814, 4754893.986290118), (1626031.3691165897, 4754709.561347301), (1626265.446928626, 4753879.649104628), (1625407.92, 4753696.22), (1625137.7, 4753967.63), (1625036.4067203233, 4753919.490036509), (1624728.5724051553, 4754068.802892132), (1624650.5464678097, 4754387.999908545), (1625239.2876314162, 4754823.053619804), (1625764.1893917401, 4755950.8830777975), (1626092.8440975286, 4756026.544592799)]"
